comp,size,complexity,change_churn,total,minor,major,ownership,review_rate,review_churn_rate,self_reviews,too_quick,little_discussion,bugs
qtactiveqt.doc/src/snippets/code,0,0,926,3,0,3,0.333333333,0,0,0,0,0,0
qtactiveqt.examples/activeqt/comapp,155,18,14,2,0,2,0.5,1,1,1,1,1,0
qtactiveqt.examples/activeqt/dotnet/walkthrough,83,8,0,0,0,0,0,0,0,0,0,0,0
qtactiveqt.examples/activeqt/dotnet/wrapper,29,3,0,0,0,0,0,0,0,0,0,0,0
qtactiveqt.examples/activeqt/dotnet/wrapper/lib,72,9,84,2,0,2,0.5,1,1,0,1,1,0
qtactiveqt.examples/activeqt/hierarchy,86,9,42,2,0,2,0.5,1,1,0,1,1,0
qtactiveqt.examples/activeqt/menus,136,14,42,2,0,2,0.5,1,1,0,1,1,0
qtactiveqt.examples/activeqt/multiple,75,8,42,2,0,2,0.5,1,1,0,1,1,0
qtactiveqt.examples/activeqt/opengl,199,16,70,2,0,2,0.5,1,1,0,1,1,0
qtactiveqt.examples/activeqt/qutlook,216,31,46,3,0,3,0.333333333,1,1,0,2,2,0
qtactiveqt.examples/activeqt/simple,70,8,14,2,0,2,0.5,1,1,1,1,1,0
qtactiveqt.examples/activeqt/webbrowser,120,19,28,2,0,2,0.5,1,1,1,1,1,0
qtactiveqt.examples/activeqt/wrapper,100,27,14,2,0,2,0.5,1,1,1,1,1,0
qtactiveqt.src/activeqt/container,6293,1376,1339,10,0,10,0.222222222,1,1,2,4,1,1
qtactiveqt.src/activeqt/control,4821,1081,434,7,0,7,0.263157895,1,1,3,4,6,2
qtactiveqt.src/activeqt/doc/snippets,325,85,897,3,0,3,0.333333333,1,1,0,1,1,0
qtactiveqt.src/activeqt/shared,1257,310,823,6,0,6,0.222222222,1,1,1,3,1,1
qtactiveqt.src/tools/idc,264,63,50,2,0,2,0.5,1,1,1,1,1,0
qtactiveqt.tests/auto/cmake/test_modules/container,4,1,51,1,0,1,1,1,1,0,0,0,0
qtactiveqt.tests/auto/cmake/test_modules/server,11,2,60,1,0,1,1,1,1,1,0,0,0
qtactiveqt.tests/auto/dumpcpp,17,1,117,3,0,3,0.333333333,1,1,2,1,1,0
qtactiveqt.tests/auto/qaxobject,24,4,50,2,0,2,0.5,1,1,0,1,1,0
qtactiveqt.tools/dumpcpp,1360,259,843,6,0,6,0.333333333,1,1,3,1,4,0
qtactiveqt.tools/dumpdoc,91,17,55,3,0,3,0.333333333,1,1,1,1,2,0
qtactiveqt.tools/idc,0,0,0,0,0,0,0,0,0,0,0,0,0
qtactiveqt.tools/testcon,1002,158,693,5,0,5,0.2,1,1,0,2,3,4
qtactiveqt.tools/testcon/scripts,82,0,52,2,0,2,0.5,1,1,1,1,1,0
qtbase.config.profiles/harmattan,0,0,0,0,0,0,0,0,0,0,0,0,0
qtbase.config.profiles/harmattan/mkspecs/linux-g++-cross,0,0,0,0,0,0,0,0,0,0,0,0,0
qtbase.config.tests/arch,12,1,57,3,0,3,0.333333333,1,1,1,1,0,0
qtbase.config.tests/common/avx,8,1,52,2,0,2,0.5,1,1,1,1,0,0
qtbase.config.tests/common/avx2,9,1,48,1,0,1,1,1,1,0,1,0,0
qtbase.config.tests/common/c++11,1,1,105,3,0,3,0.333333333,1,1,1,1,0,0
qtbase.config.tests/common/sse2,6,1,52,2,0,2,0.5,1,1,1,1,0,0
qtbase.config.tests/common/sse3,8,1,52,2,0,2,0.5,1,1,0,1,0,0
qtbase.config.tests/common/sse4_1,8,1,52,2,0,2,0.5,1,1,0,1,0,0
qtbase.config.tests/common/sse4_2,8,1,52,2,0,2,0.5,1,1,1,1,0,0
qtbase.config.tests/common/ssse3,8,1,52,2,0,2,0.5,1,1,0,1,0,0
qtbase.config.tests/mac,0,0,0,0,0,0,0,0,0,0,0,0,0
qtbase.config.tests/mac/crc,0,0,0,0,0,0,0,0,0,0,0,0,0
qtbase.config.tests/qpa/directfb,4,1,48,1,0,1,1,1,1,0,1,0,0
qtbase.config.tests/qpa/egl,8,1,52,2,0,2,0.5,1,1,0,1,0,0
qtbase.config.tests/qpa/kms,7,1,108,3,0,3,0.333333333,1,1,0,1,0,0
qtbase.config.tests/qpa/linuxfb,9,1,108,4,0,4,0.25,1,1,2,3,1,0
qtbase.config.tests/qpa/wayland,0,0,0,0,0,0,0,0,0,0,0,0,0
qtbase.config.tests/qpa/xcb,6,1,69,3,0,3,0.333333333,1,1,1,2,0,0
qtbase.config.tests/qpa/xcb-glx,11,1,59,2,0,2,0.5,1,1,0,0,0,0
qtbase.config.tests/qpa/xcb-poll-for-queued-event,0,0,112,2,0,2,0.5,0,0,0,0,0,0
qtbase.config.tests/qpa/xcb-render,18,1,50,2,0,2,0.5,1,1,1,1,0,0
qtbase.config.tests/qpa/xcb-syslibs,7,1,68,2,0,2,0.5,1,1,0,1,0,0
qtbase.config.tests/qpa/xcb-xkb,7,1,60,1,0,1,1,1,1,0,1,0,0
qtbase.config.tests/qpa/xcb-xlib,6,1,52,2,0,2,0.5,1,1,0,1,0,0
qtbase.config.tests/qws/ahi,0,0,0,0,0,0,0,0,0,0,0,0,0
qtbase.config.tests/qws/directfb,0,0,0,0,0,0,0,0,0,0,0,0,0
qtbase.config.tests/qws/sound,0,0,0,0,0,0,0,0,0,0,0,0,0
qtbase.config.tests/qws/svgalib,0,0,0,0,0,0,0,0,0,0,0,0,0
qtbase.config.tests/symbian/audio,0,0,0,0,0,0,0,0,0,0,0,0,0
qtbase.config.tests/symbian/simple,0,0,0,0,0,0,0,0,0,0,0,0,0
qtbase.config.tests/unix/3dnow,0,0,0,0,0,0,0,0,0,0,0,0,0
qtbase.config.tests/unix/alsa,3,1,52,2,0,2,0.5,1,1,0,1,0,0
qtbase.config.tests/unix/avx,0,0,0,0,0,0,0,0,0,0,0,0,0
qtbase.config.tests/unix/avx2,0,0,0,0,0,0,0,0,0,0,0,0,0
qtbase.config.tests/unix/c++11,0,0,53,1,0,1,1,0,0,0,0,0,0
qtbase.config.tests/unix/clock-gettime,6,1,52,2,0,2,0.5,1,1,0,1,0,0
qtbase.config.tests/unix/clock-monotonic,6,1,54,3,0,3,0.333333333,1,1,0,2,0,0
qtbase.config.tests/unix/cups,6,1,52,2,0,2,0.5,1,1,0,1,0,0
qtbase.config.tests/unix/db2,4,1,52,2,0,2,0.5,1,1,0,1,0,0
qtbase.config.tests/unix/dbus,5,1,52,2,0,2,0.5,1,1,0,1,0,0
qtbase.config.tests/unix/directfb,0,0,0,0,0,0,0,0,0,0,0,0,0
qtbase.config.tests/unix/doubleformat,0,0,0,0,0,0,0,0,0,0,0,0,0
qtbase.config.tests/unix/egl,0,0,0,0,0,0,0,0,0,0,0,0,0
qtbase.config.tests/unix/egl4gles1,8,1,52,2,0,2,0.5,1,1,0,1,0,0
qtbase.config.tests/unix/endian,0,0,0,0,0,0,0,0,0,0,0,0,0
qtbase.config.tests/unix/evdev,12,1,63,3,0,3,0.333333333,1,1,1,1,0,0
qtbase.config.tests/unix/eventfd,8,1,51,1,0,1,1,1,1,0,0,0,0
qtbase.config.tests/unix/floatmath,13,2,52,2,0,2,0.5,1,1,0,1,0,0
qtbase.config.tests/unix/fontconfig,8,1,52,2,0,2,0.5,1,1,0,1,0,0
qtbase.config.tests/unix/freetype,6,1,52,2,0,2,0.5,1,1,1,1,0,0
qtbase.config.tests/unix/getaddrinfo,8,2,52,3,0,3,0.333333333,1,1,0,2,0,0
qtbase.config.tests/unix/getifaddrs,7,1,52,2,0,2,0.5,1,1,1,1,0,0
qtbase.config.tests/unix/glib,13,2,52,2,0,2,0.5,1,1,0,1,0,0
qtbase.config.tests/unix/gnu-libiconv,10,1,52,2,0,2,0.5,1,1,0,1,0,0
qtbase.config.tests/unix/gstreamer,3,1,52,2,0,2,0.5,1,1,0,1,0,0
qtbase.config.tests/unix/ibase,4,1,52,2,0,2,0.5,1,1,0,1,0,0
qtbase.config.tests/unix/icd,0,0,0,0,0,0,0,0,0,0,0,0,0
qtbase.config.tests/unix/iconv,10,1,52,2,0,2,0.5,1,1,0,1,0,0
qtbase.config.tests/unix/icu,9,2,52,2,0,2,0.5,1,1,0,1,0,0
qtbase.config.tests/unix/inotify,7,1,52,2,0,2,0.5,1,1,1,1,0,0
qtbase.config.tests/unix/iodbc,4,1,52,2,0,2,0.5,1,1,0,1,0,0
qtbase.config.tests/unix/ipv6,0,0,0,0,0,0,0,0,0,0,0,0,0
qtbase.config.tests/unix/ipv6ifname,7,1,52,2,0,2,0.5,1,1,0,1,0,0
qtbase.config.tests/unix/iwmmxt,5,1,52,2,0,2,0.5,1,1,0,1,0,0
qtbase.config.tests/unix/javascriptcore-jit,4,1,52,2,0,2,0.5,1,1,1,1,0,0
qtbase.config.tests/unix/libjpeg,8,1,52,2,0,2,0.5,1,1,0,1,0,0
qtbase.config.tests/unix/libmng,0,0,0,0,0,0,0,0,0,0,0,0,0
qtbase.config.tests/unix/libpng,6,1,52,2,0,2,0.5,1,1,0,1,0,0
qtbase.config.tests/unix/libtiff,0,0,0,0,0,0,0,0,0,0,0,0,0
qtbase.config.tests/unix/libudev,6,1,52,2,0,2,0.5,1,1,0,1,0,0
qtbase.config.tests/unix/mips_dsp,6,1,99,3,0,3,0.333333333,1,1,0,1,0,0
qtbase.config.tests/unix/mips_dspr2,8,1,101,3,0,3,0.333333333,1,1,0,1,0,0
qtbase.config.tests/unix/mmx,0,0,0,0,0,0,0,0,0,0,0,0,0
qtbase.config.tests/unix/mremap,5,1,52,2,0,2,0.5,1,1,0,1,0,0
qtbase.config.tests/unix/mysql,4,1,52,2,0,2,0.5,1,1,0,1,0,0
qtbase.config.tests/unix/neon,7,1,52,2,0,2,0.5,1,1,1,1,0,0
qtbase.config.tests/unix/nis,6,1,52,2,0,2,0.5,1,1,1,1,0,0
qtbase.config.tests/unix/oci,4,1,52,2,0,2,0.5,1,1,1,1,0,0
qtbase.config.tests/unix/odbc,4,1,52,2,0,2,0.5,1,1,1,1,0,0
qtbase.config.tests/unix/opengldesktop,9,1,52,2,0,2,0.5,1,1,0,1,0,0
qtbase.config.tests/unix/opengles1,7,1,52,2,0,2,0.5,1,1,1,1,0,0
qtbase.config.tests/unix/opengles2,6,1,52,2,0,2,0.5,1,1,1,1,0,0
qtbase.config.tests/unix/openssl,3,1,52,2,0,2,0.5,1,1,0,1,0,0
qtbase.config.tests/unix/openvg,7,1,52,2,0,2,0.5,1,1,1,1,0,0
qtbase.config.tests/unix/pcre,4,1,48,1,0,1,1,1,1,0,1,0,0
qtbase.config.tests/unix/psql,6,1,52,2,0,2,0.5,1,1,0,1,0,0
qtbase.config.tests/unix/ptrsize,13,1,52,2,0,2,0.5,1,1,0,1,0,0
qtbase.config.tests/unix/pulseaudio,7,1,52,2,0,2,0.5,1,1,1,1,0,0
qtbase.config.tests/unix/shivavg,8,1,52,2,0,2,0.5,1,1,0,1,0,0
qtbase.config.tests/unix/slog2,5,1,48,1,0,1,1,1,1,0,0,0,0
qtbase.config.tests/unix/sqlite,4,1,52,2,0,2,0.5,1,1,0,1,0,0
qtbase.config.tests/unix/sqlite2,4,1,52,2,0,2,0.5,1,1,1,1,0,0
qtbase.config.tests/unix/sse,0,0,0,0,0,0,0,0,0,0,0,0,0
qtbase.config.tests/unix/sse2,0,0,0,0,0,0,0,0,0,0,0,0,0
qtbase.config.tests/unix/sse3,0,0,0,0,0,0,0,0,0,0,0,0,0
qtbase.config.tests/unix/sse4_1,0,0,0,0,0,0,0,0,0,0,0,0,0
qtbase.config.tests/unix/sse4_2,0,0,0,0,0,0,0,0,0,0,0,0,0
qtbase.config.tests/unix/ssse3,0,0,0,0,0,0,0,0,0,0,0,0,0
qtbase.config.tests/unix/stdint,4,1,52,2,0,2,0.5,1,1,0,1,0,0
qtbase.config.tests/unix/stl,84,23,50,2,0,2,0.5,1,1,1,1,0,0
qtbase.config.tests/unix/tds,4,1,52,2,0,2,0.5,1,1,0,1,0,0
qtbase.config.tests/unix/tslib,5,1,52,2,0,2,0.5,1,1,0,1,0,0
qtbase.config.tests/unix/zlib,10,1,52,2,0,2,0.5,1,1,1,1,0,0
qtbase.config.tests/x11/fontconfig,0,0,0,0,0,0,0,0,0,0,0,0,0
qtbase.config.tests/x11/glxfbconfig,6,1,52,2,0,2,0.5,1,1,0,1,0,0
qtbase.config.tests/x11/mitshm,13,2,52,2,0,2,0.5,1,1,1,1,0,0
qtbase.config.tests/x11/notype,4,1,52,2,0,2,0.5,1,1,1,1,0,0
qtbase.config.tests/x11/opengl,6,1,52,2,0,2,0.5,1,1,0,1,0,0
qtbase.config.tests/x11/sm,0,0,0,0,0,0,0,0,0,0,0,0,0
qtbase.config.tests/x11/xcursor,8,1,50,2,0,2,0.5,1,1,0,1,0,0
qtbase.config.tests/x11/xfixes,6,1,52,2,0,2,0.5,1,1,0,1,0,0
qtbase.config.tests/x11/xinerama,6,1,52,2,0,2,0.5,1,1,0,1,0,0
qtbase.config.tests/x11/xinput,6,1,52,2,0,2,0.5,1,1,0,1,0,0
qtbase.config.tests/x11/xinput2,20,3,50,2,0,2,0.5,1,1,1,1,0,0
qtbase.config.tests/x11/xkb,22,1,50,2,0,2,0.5,1,1,1,1,0,0
qtbase.config.tests/x11/xlib,6,1,52,2,0,2,0.5,1,1,0,1,0,0
qtbase.config.tests/x11/xrandr,6,1,52,2,0,2,0.5,1,1,1,1,0,0
qtbase.config.tests/x11/xrender,6,1,52,2,0,2,0.5,1,1,1,1,0,0
qtbase.config.tests/x11/xshape,6,1,52,2,0,2,0.5,1,1,1,1,0,0
qtbase.config.tests/x11/xsync,11,1,52,2,0,2,0.5,1,1,1,1,0,0
qtbase.config.tests/x11/xvideo,7,1,52,2,0,2,0.5,1,1,1,1,0,0
qtbase.demos/affine,0,0,0,0,0,0,0,0,0,0,0,0,0
qtbase.demos/books,0,0,0,0,0,0,0,0,0,0,0,0,0
qtbase.demos/boxes,0,0,0,0,0,0,0,0,0,0,0,0,0
qtbase.demos/boxes/3rdparty,0,0,0,0,0,0,0,0,0,0,0,0,0
qtbase.demos/chip,0,0,0,0,0,0,0,0,0,0,0,0,0
qtbase.demos/composition,0,0,0,0,0,0,0,0,0,0,0,0,0
qtbase.demos/deform,0,0,0,0,0,0,0,0,0,0,0,0,0
qtbase.demos/embedded/digiflip,0,0,0,0,0,0,0,0,0,0,0,0,0
qtbase.demos/embedded/flickable,0,0,0,0,0,0,0,0,0,0,0,0,0
qtbase.demos/embedded/flightinfo,0,0,0,0,0,0,0,0,0,0,0,0,0
qtbase.demos/embedded/lightmaps,0,0,0,0,0,0,0,0,0,0,0,0,0
qtbase.demos/embedded/raycasting,0,0,0,0,0,0,0,0,0,0,0,0,0
qtbase.demos/embedded/styledemo,0,0,0,0,0,0,0,0,0,0,0,0,0
qtbase.demos/embeddeddialogs,0,0,0,0,0,0,0,0,0,0,0,0,0
qtbase.demos/gradients,0,0,0,0,0,0,0,0,0,0,0,0,0
qtbase.demos/interview,0,0,0,0,0,0,0,0,0,0,0,0,0
qtbase.demos/macmainwindow,0,0,0,0,0,0,0,0,0,0,0,0,0
qtbase.demos/mainwindow,0,0,0,0,0,0,0,0,0,0,0,0,0
qtbase.demos/pathstroke,0,0,0,0,0,0,0,0,0,0,0,0,0
qtbase.demos/shared,0,0,0,0,0,0,0,0,0,0,0,0,0
qtbase.demos/spreadsheet,0,0,0,0,0,0,0,0,0,0,0,0,0
qtbase.demos/sqlbrowser,0,0,0,0,0,0,0,0,0,0,0,0,0
qtbase.demos/sub-attaq,0,0,0,0,0,0,0,0,0,0,0,0,0
qtbase.demos/textedit,0,0,0,0,0,0,0,0,0,0,0,0,0
qtbase.demos/undo,0,0,0,0,0,0,0,0,0,0,0,0,0
qtbase.doc/src/snippets,0,0,0,0,0,0,0,0,0,0,0,0,0
qtbase.doc/src/snippets/brush,0,0,0,0,0,0,0,0,0,0,0,0,0
qtbase.doc/src/snippets/buffer,0,0,0,0,0,0,0,0,0,0,0,0,0
qtbase.doc/src/snippets/code,152,5,528,4,0,4,0.333333333,1,1,1,1,0,1
qtbase.doc/src/snippets/customstyle,0,0,0,0,0,0,0,0,0,0,0,0,0
qtbase.doc/src/snippets/dialogs,0,0,0,0,0,0,0,0,0,0,0,0,0
qtbase.doc/src/snippets/dockwidgets,0,0,0,0,0,0,0,0,0,0,0,0,0
qtbase.doc/src/snippets/dragging,0,0,0,0,0,0,0,0,0,0,0,0,0
qtbase.doc/src/snippets/file,0,0,0,0,0,0,0,0,0,0,0,0,0
qtbase.doc/src/snippets/fileinfo,0,0,0,0,0,0,0,0,0,0,0,0,0
qtbase.doc/src/snippets/image,0,0,0,0,0,0,0,0,0,0,0,0,0
qtbase.doc/src/snippets/layouts,0,0,0,0,0,0,0,0,0,0,0,0,0
qtbase.doc/src/snippets/matrix,0,0,0,0,0,0,0,0,0,0,0,0,0
qtbase.doc/src/snippets/network,0,0,0,0,0,0,0,0,0,0,0,0,0
qtbase.doc/src/snippets/picture,0,0,0,0,0,0,0,0,0,0,0,0,0
qtbase.doc/src/snippets/pointer,9,2,14,2,0,2,0.5,1,1,1,1,0,0
qtbase.doc/src/snippets/polygon,0,0,0,0,0,0,0,0,0,0,0,0,0
qtbase.doc/src/snippets/printing-qprinter,0,0,0,0,0,0,0,0,0,0,0,0,0
qtbase.doc/src/snippets/process,0,0,0,0,0,0,0,0,0,0,0,0,0
qtbase.doc/src/snippets/qdbusextratypes,0,0,0,0,0,0,0,0,0,0,0,0,0
qtbase.doc/src/snippets/qdebug,0,0,0,0,0,0,0,0,0,0,0,0,0
qtbase.doc/src/snippets/qdir-listfiles,0,0,0,0,0,0,0,0,0,0,0,0,0
qtbase.doc/src/snippets/qdir-namefilters,0,0,0,0,0,0,0,0,0,0,0,0,0
qtbase.doc/src/snippets/qelapsedtimer,0,0,0,0,0,0,0,0,0,0,0,0,0
qtbase.doc/src/snippets/qfontdatabase,0,0,0,0,0,0,0,0,0,0,0,0,0
qtbase.doc/src/snippets/qlistwidget-using,0,0,0,0,0,0,0,0,0,0,0,0,0
qtbase.doc/src/snippets/qlogging,0,0,0,0,0,0,0,0,0,0,0,0,0
qtbase.doc/src/snippets/qmetaobject-invokable,0,0,0,0,0,0,0,0,0,0,0,0,0
qtbase.doc/src/snippets/qprocess,0,0,0,0,0,0,0,0,0,0,0,0,0
qtbase.doc/src/snippets/qprocess-environment,0,0,0,0,0,0,0,0,0,0,0,0,0
qtbase.doc/src/snippets/qsignalmapper,0,0,0,0,0,0,0,0,0,0,0,0,0
qtbase.doc/src/snippets/qsortfilterproxymodel-details,0,0,0,0,0,0,0,0,0,0,0,0,0
qtbase.doc/src/snippets/qsplashscreen,0,0,0,0,0,0,0,0,0,0,0,0,0
qtbase.doc/src/snippets/qstack,0,0,0,0,0,0,0,0,0,0,0,0,0
qtbase.doc/src/snippets/qstackedlayout,0,0,0,0,0,0,0,0,0,0,0,0,0
qtbase.doc/src/snippets/qstackedwidget,0,0,0,0,0,0,0,0,0,0,0,0,0
qtbase.doc/src/snippets/qstatustipevent,0,0,0,0,0,0,0,0,0,0,0,0,0
qtbase.doc/src/snippets/qstring,0,0,0,0,0,0,0,0,0,0,0,0,0
qtbase.doc/src/snippets/qstringlist,0,0,0,0,0,0,0,0,0,0,0,0,0
qtbase.doc/src/snippets/qstringlistmodel,0,0,0,0,0,0,0,0,0,0,0,0,0
qtbase.doc/src/snippets/qstyleoption,0,0,0,0,0,0,0,0,0,0,0,0,0
qtbase.doc/src/snippets/qstyleplugin,0,0,0,0,0,0,0,0,0,0,0,0,0
qtbase.doc/src/snippets/qtablewidget-resizing,0,0,0,0,0,0,0,0,0,0,0,0,0
qtbase.doc/src/snippets/qtablewidget-using,0,0,0,0,0,0,0,0,0,0,0,0,0
qtbase.doc/src/snippets/qtcast,0,0,0,0,0,0,0,0,0,0,0,0,0
qtbase.doc/src/snippets/qtreewidget-using,0,0,0,0,0,0,0,0,0,0,0,0,0
qtbase.doc/src/snippets/qtreewidgetitemiterator-using,0,0,0,0,0,0,0,0,0,0,0,0,0
qtbase.doc/src/snippets/quiloader,30,4,28,2,0,2,0.5,1,1,1,1,0,0
qtbase.doc/src/snippets/qx11embedcontainer,18,2,14,2,0,2,0.5,1,1,1,1,0,0
qtbase.doc/src/snippets/qx11embedwidget,13,2,14,2,0,2,0.5,1,1,1,1,0,0
qtbase.doc/src/snippets/qxmlstreamwriter,0,0,0,0,0,0,0,0,0,0,0,0,0
qtbase.doc/src/snippets/separations,0,0,0,0,0,0,0,0,0,0,0,0,0
qtbase.doc/src/snippets/settings,0,0,0,0,0,0,0,0,0,0,0,0,0
qtbase.doc/src/snippets/shareddirmodel,0,0,0,0,0,0,0,0,0,0,0,0,0
qtbase.doc/src/snippets/sharedemployee,0,0,0,0,0,0,0,0,0,0,0,0,0
qtbase.doc/src/snippets/signalmapper,0,0,0,0,0,0,0,0,0,0,0,0,0
qtbase.doc/src/snippets/signalsandslots,0,0,0,0,0,0,0,0,0,0,0,0,0
qtbase.doc/src/snippets/splitter,0,0,0,0,0,0,0,0,0,0,0,0,0
qtbase.doc/src/snippets/splitterhandle,0,0,0,0,0,0,0,0,0,0,0,0,0
qtbase.doc/src/snippets/sqldatabase,0,0,0,0,0,0,0,0,0,0,0,0,0
qtbase.doc/src/snippets/streaming,0,0,0,0,0,0,0,0,0,0,0,0,0
qtbase.doc/src/snippets/styles,0,0,0,0,0,0,0,0,0,0,0,0,0
qtbase.doc/src/snippets/stylesheet,0,0,0,0,0,0,0,0,0,0,0,0,0
qtbase.doc/src/snippets/textblock-fragments,0,0,0,0,0,0,0,0,0,0,0,0,0
qtbase.doc/src/snippets/textdocument-css,0,0,0,0,0,0,0,0,0,0,0,0,0
qtbase.doc/src/snippets/textdocument-imagedrop,0,0,0,0,0,0,0,0,0,0,0,0,0
qtbase.doc/src/snippets/textdocument-listitemstyles,0,0,0,0,0,0,0,0,0,0,0,0,0
qtbase.doc/src/snippets/textdocument-lists,0,0,0,0,0,0,0,0,0,0,0,0,0
qtbase.doc/src/snippets/textdocument-resources,0,0,0,0,0,0,0,0,0,0,0,0,0
qtbase.doc/src/snippets/textdocument-tables,0,0,0,0,0,0,0,0,0,0,0,0,0
qtbase.doc/src/snippets/textdocument-texttable,0,0,0,0,0,0,0,0,0,0,0,0,0
qtbase.doc/src/snippets/threads,0,0,0,0,0,0,0,0,0,0,0,0,0
qtbase.doc/src/snippets/timeline,0,0,0,0,0,0,0,0,0,0,0,0,0
qtbase.doc/src/snippets/timers,0,0,0,0,0,0,0,0,0,0,0,0,0
qtbase.doc/src/snippets/transform,0,0,0,0,0,0,0,0,0,0,0,0,0
qtbase.doc/src/snippets/whatsthis,0,0,0,0,0,0,0,0,0,0,0,0,0
qtbase.doc/src/snippets/widget-mask,0,0,0,0,0,0,0,0,0,0,0,0,0
qtbase.doc/src/snippets/widgets-tutorial,0,0,0,0,0,0,0,0,0,0,0,0,0
qtbase.doc/src/snippets/xml/rsslisting,0,0,0,0,0,0,0,0,0,0,0,0,0
qtbase.doc/src/snippets/xml/simpleparse,0,0,0,0,0,0,0,0,0,0,0,0,0
qtbase.examples/animation/animatedtiles,0,0,256,1,0,1,1,0,0,0,0,0,0
qtbase.examples/animation/appchooser,0,0,175,2,0,2,0.5,0,0,0,0,0,0
qtbase.examples/animation/easing,0,0,407,1,0,1,1,0,0,0,0,0,0
qtbase.examples/animation/moveblocks,0,0,321,1,0,1,1,0,0,0,0,0,0
qtbase.examples/animation/states,0,0,285,1,0,1,1,0,0,0,0,0,0
qtbase.examples/animation/stickman,0,0,1546,2,0,2,0.5,0,0,0,0,0,0
qtbase.examples/animation/sub-attaq,0,0,3281,1,0,1,1,0,0,0,0,0,0
qtbase.examples/dbus/chat,121,16,248,2,0,2,0.5,1,1,1,0,0,0
qtbase.examples/dbus/complexpingpong,122,24,78,3,0,3,0.333333333,1,1,0,2,0,0
qtbase.examples/dbus/dbus-chat,0,0,624,4,0,4,0.4,0,0,0,0,0,0
qtbase.examples/dbus/listnames,38,6,14,2,0,2,0.5,1,1,0,1,0,0
qtbase.examples/dbus/pingpong,53,9,60,3,0,3,0.333333333,1,1,1,2,0,0
qtbase.examples/dbus/remotecontrolledcar/car,115,13,236,3,0,3,0.333333333,1,1,1,1,0,0
qtbase.examples/dbus/remotecontrolledcar/controller,55,8,241,3,0,3,0.5,1,1,1,1,0,0
qtbase.examples/desktop/screenshot,0,0,353,2,0,2,0.5,0,0,0,0,0,0
qtbase.examples/desktop/systray,0,0,445,1,0,1,1,0,0,0,0,0,0
qtbase.examples/dialogs/classwizard,0,0,649,1,0,1,1,0,0,0,0,0,0
qtbase.examples/dialogs/configdialog,0,0,452,1,0,1,1,0,0,0,0,0,0
qtbase.examples/dialogs/extension,0,0,245,1,0,1,1,0,0,0,0,0,0
qtbase.examples/dialogs/findfiles,0,0,388,1,0,1,1,0,0,0,0,0,0
qtbase.examples/dialogs/licensewizard,0,0,589,1,0,1,1,0,0,0,0,0,0
qtbase.examples/dialogs/sipdialog,0,0,237,1,0,1,1,0,0,0,0,0,0
qtbase.examples/dialogs/standarddialogs,0,0,634,1,0,1,1,0,0,0,0,0,0
qtbase.examples/dialogs/tabdialog,0,0,354,1,0,1,1,0,0,0,0,0,0
qtbase.examples/dialogs/trivialwizard,0,0,135,1,0,1,1,0,0,0,0,0,0
qtbase.examples/draganddrop/draggableicons,0,0,294,1,0,1,1,0,0,0,0,0,0
qtbase.examples/draganddrop/draggabletext,0,0,388,1,0,1,1,0,0,0,0,0,0
qtbase.examples/draganddrop/dropsite,0,0,476,1,0,1,1,0,0,0,0,0,0
qtbase.examples/draganddrop/fridgemagnets,0,0,491,1,0,1,1,0,0,0,0,0,0
qtbase.examples/draganddrop/puzzle,0,0,769,1,0,1,1,0,0,0,0,0,0
qtbase.examples/effects/blurpicker,0,0,425,1,0,1,1,0,0,0,0,0,0
qtbase.examples/effects/fademessage,0,0,253,1,0,1,1,0,0,0,0,0,0
qtbase.examples/effects/lighting,0,0,264,1,0,1,1,0,0,0,0,0,0
qtbase.examples/embedded/digiflip,295,39,50,2,0,2,0.5,1,1,1,1,0,0
qtbase.examples/embedded/flickable,376,70,150,2,0,2,0.5,1,1,1,1,0,0
qtbase.examples/embedded/flightinfo,270,43,66,3,0,3,0.333333333,1,1,0,1,0,0
qtbase.examples/embedded/lightmaps,491,70,359,4,0,4,0.25,1,1,0,1,0,0
qtbase.examples/embedded/raycasting,265,50,50,2,0,2,0.5,1,1,1,1,0,0
qtbase.examples/embedded/styledemo,0,0,0,0,0,0,0,0,0,0,0,0,0
qtbase.examples/embedded/styleexample,70,11,152,2,0,2,0.5,1,1,1,1,0,0
qtbase.examples/gestures/imagegestures,257,44,70,2,0,2,0.5,1,1,0,1,0,0
qtbase.examples/graphicsview/anchorlayout,0,0,129,1,0,1,1,0,0,0,0,0,0
qtbase.examples/graphicsview/basicgraphicslayouts,0,0,400,1,0,1,1,0,0,0,0,0,0
qtbase.examples/graphicsview/boxes,0,0,3709,1,0,1,1,0,0,0,0,0,0
qtbase.examples/graphicsview/boxes/3rdparty,0,0,247,1,0,1,1,0,0,0,0,0,0
qtbase.examples/graphicsview/chip,0,0,868,1,0,1,1,0,0,0,0,0,0
qtbase.examples/graphicsview/collidingmice,0,0,359,1,0,1,1,0,0,0,0,0,0
qtbase.examples/graphicsview/diagramscene,0,0,1880,2,0,2,0.5,0,0,0,0,0,0
qtbase.examples/graphicsview/dragdroprobot,0,0,726,1,0,1,1,0,0,0,0,0,0
qtbase.examples/graphicsview/elasticnodes,0,0,905,1,0,1,1,0,0,0,0,0,0
qtbase.examples/graphicsview/embeddeddialogs,0,0,498,1,0,1,1,0,0,0,0,0,0
qtbase.examples/graphicsview/flowlayout,0,0,455,1,0,1,1,0,0,0,0,0,0
qtbase.examples/graphicsview/padnavigator,0,0,924,1,0,1,1,0,0,0,0,0,0
qtbase.examples/graphicsview/simpleanchorlayout,0,0,134,1,0,1,1,0,0,0,0,0,0
qtbase.examples/graphicsview/weatheranchorlayout,0,0,274,1,0,1,1,0,0,0,0,0,0
qtbase.examples/gui/analogclock,71,8,176,4,0,4,0.25,1,1,2,1,0,0
qtbase.examples/gui/openglwindow,200,25,490,4,0,4,0.25,1,1,2,1,0,0
qtbase.examples/gui/rasterwindow,77,13,291,3,0,3,0.5,1,1,1,1,0,0
qtbase.examples/ipc/localfortuneclient,124,14,42,2,0,2,0.5,1,1,0,1,0,0
qtbase.examples/ipc/localfortuneserver,78,3,42,2,0,2,0.5,1,1,0,1,0,0
qtbase.examples/ipc/sharedmemory,82,10,44,3,0,3,0.333333333,1,1,1,2,0,0
qtbase.examples/itemviews/addressbook,0,0,1142,1,0,1,1,0,0,0,0,0,0
qtbase.examples/itemviews/basicsortfiltermodel,0,0,338,1,0,1,1,0,0,0,0,0,0
qtbase.examples/itemviews/chart,0,0,968,1,0,1,1,0,0,0,0,0,0
qtbase.examples/itemviews/coloreditorfactory,0,0,349,1,0,1,1,0,0,0,0,0,0
qtbase.examples/itemviews/combowidgetmapper,0,0,273,1,0,1,1,0,0,0,0,0,0
qtbase.examples/itemviews/customsortfiltermodel,0,0,539,1,0,1,1,0,0,0,0,0,0
qtbase.examples/itemviews/dirview,0,0,62,1,0,1,1,0,0,0,0,0,0
qtbase.examples/itemviews/editabletreemodel,0,0,943,1,0,1,1,0,0,0,0,0,0
qtbase.examples/itemviews/fetchmore,0,0,386,1,0,1,1,0,0,0,0,0,0
qtbase.examples/itemviews/frozencolumn,0,0,325,1,0,1,1,0,0,0,0,0,0
qtbase.examples/itemviews/interview,0,0,332,1,0,1,1,0,0,0,0,0,0
qtbase.examples/itemviews/pixelator,0,0,722,1,0,1,1,0,0,0,0,0,0
qtbase.examples/itemviews/puzzle,0,0,868,1,0,1,1,0,0,0,0,0,0
qtbase.examples/itemviews/simpledommodel,0,0,638,1,0,1,1,0,0,0,0,0,0
qtbase.examples/itemviews/simpletreemodel,0,0,541,1,0,1,1,0,0,0,0,0,0
qtbase.examples/itemviews/simplewidgetmapper,0,0,268,1,0,1,1,0,0,0,0,0,0
qtbase.examples/itemviews/spinboxdelegate,0,0,258,1,0,1,1,0,0,0,0,0,0
qtbase.examples/itemviews/spreadsheet,0,0,1362,1,0,1,1,0,0,0,0,0,0
qtbase.examples/itemviews/stardelegate,0,0,658,1,0,1,1,0,0,0,0,0,0
qtbase.examples/ja_JP/linguist/hellotr,0,0,152,2,0,2,0.666666667,0,0,0,0,0,0
qtbase.examples/layouts/basiclayouts,0,0,291,1,0,1,1,0,0,0,0,0,0
qtbase.examples/layouts/borderlayout,0,0,481,1,0,1,1,0,0,0,0,0,0
qtbase.examples/layouts/dynamiclayouts,0,0,311,1,0,1,1,0,0,0,0,0,0
qtbase.examples/layouts/flowlayout,0,0,460,1,0,1,1,0,0,0,0,0,0
qtbase.examples/linguist/arrowpad,0,0,708,2,0,2,0.666666667,0,0,0,0,0,0
qtbase.examples/linguist/hellotr,0,0,152,2,0,2,0.666666667,0,0,0,0,0,0
qtbase.examples/linguist/trollprint,0,0,826,2,0,2,0.666666667,0,0,0,0,0,0
qtbase.examples/mainwindows/application,0,0,554,1,0,1,1,0,0,0,0,0,0
qtbase.examples/mainwindows/dockwidgets,0,0,494,1,0,1,1,0,0,0,0,0,0
qtbase.examples/mainwindows/macmainwindow,0,0,0,0,0,0,0,0,0,0,0,0,0
qtbase.examples/mainwindows/mainwindow,0,0,2151,2,0,2,0.5,0,0,0,0,0,0
qtbase.examples/mainwindows/mdi,0,0,837,1,0,1,1,0,0,0,0,0,0
qtbase.examples/mainwindows/menus,0,0,547,2,0,2,0.5,0,0,0,0,0,0
qtbase.examples/mainwindows/recentfiles,0,0,400,1,0,1,1,0,0,0,0,0,0
qtbase.examples/mainwindows/sdi,0,0,536,1,0,1,1,0,0,0,0,0,0
qtbase.examples/network/bearermonitor,413,77,70,2,0,2,0.5,1,1,1,1,0,0
qtbase.examples/network/blockingfortuneclient,211,24,70,2,0,2,0.5,1,1,0,1,0,0
qtbase.examples/network/broadcastreceiver,56,5,42,2,0,2,0.5,1,1,1,1,0,0
qtbase.examples/network/broadcastsender,66,5,42,2,0,2,0.5,1,1,1,1,0,0
qtbase.examples/network/dnslookup,96,19,22,2,0,2,0.5,1,1,1,1,0,0
qtbase.examples/network/download,108,17,14,2,0,2,0.5,1,1,1,1,0,0
qtbase.examples/network/downloadmanager,196,27,70,2,0,2,0.5,1,1,0,1,0,0
qtbase.examples/network/fortuneclient,193,25,48,4,0,4,0.25,1,1,0,1,0,0
qtbase.examples/network/fortuneserver,124,13,48,4,0,4,0.25,1,1,0,1,0,0
qtbase.examples/network/googlesuggest,199,33,70,2,0,2,0.5,1,1,1,1,0,0
qtbase.examples/network/http,222,26,50,4,0,4,0.25,1,1,1,3,0,0
qtbase.examples/network/loopback,152,14,42,2,0,2,0.5,1,1,0,1,0,0
qtbase.examples/network/multicastreceiver,57,5,44,3,0,3,0.333333333,1,1,0,1,0,0
qtbase.examples/network/multicastsender,84,6,44,3,0,3,0.333333333,1,1,0,1,0,0
qtbase.examples/network/network-chat,632,106,158,3,0,3,0.333333333,1,1,0,1,0,0
qtbase.examples/network/qftp,0,0,0,0,0,0,0,0,0,0,0,0,0
qtbase.examples/network/securesocketclient,243,31,100,4,0,4,0.25,1,1,3,2,0,0
qtbase.examples/network/threadedfortuneserver,123,12,98,2,0,2,0.5,1,1,0,1,0,0
qtbase.examples/network/torrent,3774,661,645,8,0,8,0.125,1,1,0,3,0,4
qtbase.examples/opengl/2dpainting,150,11,181,3,0,3,0.333333333,1,1,1,1,0,0
qtbase.examples/opengl/cube,202,22,203,8,0,8,0.125,1,1,1,3,0,1
qtbase.examples/opengl/framebufferobject2,195,17,42,2,0,2,0.5,1,1,1,1,0,0
qtbase.examples/opengl/grabber,417,48,158,5,0,5,0.2,1,1,3,2,0,0
qtbase.examples/opengl/hellogl,209,26,70,2,0,2,0.5,1,1,1,1,0,0
qtbase.examples/opengl/hellogl_es,243,15,42,2,0,2,0.5,1,1,0,1,0,0
qtbase.examples/opengl/hellogl_es2,539,40,113,4,0,4,0.25,1,1,0,3,0,2
qtbase.examples/opengl/hellowindow,349,29,240,8,0,8,0.125,1,1,0,2,1,1
qtbase.examples/opengl/overpainting,291,41,117,5,0,5,0.2,1,1,3,2,0,0
qtbase.examples/opengl/paintedwindow,177,23,89,6,0,6,0.285714286,1,1,1,1,0,0
qtbase.examples/opengl/pbuffers,521,72,100,5,0,5,0.2,1,1,1,2,0,0
qtbase.examples/opengl/pbuffers2,267,30,50,3,0,3,0.333333333,1,1,1,1,0,0
qtbase.examples/opengl/samplebuffers,137,11,42,2,0,2,0.5,1,1,1,1,0,0
qtbase.examples/opengl/shared,274,40,99,5,0,5,0.2,1,1,3,2,0,0
qtbase.examples/opengl/textures,194,26,74,4,0,4,0.25,1,1,1,2,0,1
qtbase.examples/painting/affine,0,0,1108,1,0,1,1,0,0,0,0,0,0
qtbase.examples/painting/basicdrawing,0,0,689,1,0,1,1,0,0,0,0,0,0
qtbase.examples/painting/composition,0,0,774,1,0,1,1,0,0,0,0,0,0
qtbase.examples/painting/concentriccircles,0,0,411,1,0,1,1,0,0,0,0,0,0
qtbase.examples/painting/deform,0,0,871,1,0,1,1,0,0,0,0,0,0
qtbase.examples/painting/fontsampler,0,0,518,1,0,1,1,0,0,0,0,0,0
qtbase.examples/painting/gradients,0,0,749,1,0,1,1,0,0,0,0,0,0
qtbase.examples/painting/imagecomposition,0,0,353,1,0,1,1,0,0,0,0,0,0
qtbase.examples/painting/painterpaths,0,0,640,1,0,1,1,0,0,0,0,0,0
qtbase.examples/painting/pathstroke,0,0,927,1,0,1,1,0,0,0,0,0,0
qtbase.examples/painting/shared,0,0,1600,1,0,1,1,0,0,0,0,0,0
qtbase.examples/painting/transformations,0,0,573,1,0,1,1,0,0,0,0,0,0
qtbase.examples/qmake/precompile,40,5,98,2,0,2,0.5,1,1,1,1,0,0
qtbase.examples/qmake/tutorial,19,2,70,2,0,2,0.5,1,1,1,1,0,0
qtbase.examples/qpa/windows,181,23,83,5,0,5,0.2,1,1,1,2,0,0
qtbase.examples/qtconcurrent/imagescaling,102,11,53,3,0,3,0.333333333,1,1,0,2,0,0
qtbase.examples/qtconcurrent/map,15,3,14,2,0,2,0.5,1,1,0,1,0,0
qtbase.examples/qtconcurrent/progressdialog,28,4,18,3,0,3,0.333333333,1,1,1,2,0,0
qtbase.examples/qtconcurrent/runfunction,13,2,14,2,0,2,0.5,1,1,1,1,0,0
qtbase.examples/qtconcurrent/wordcount,75,8,14,2,0,2,0.5,1,1,1,1,0,0
qtbase.examples/qtestlib/tutorial1,12,1,14,2,0,2,0.5,1,1,1,1,0,0
qtbase.examples/qtestlib/tutorial2,22,2,14,2,0,2,0.5,1,1,1,1,0,0
qtbase.examples/qtestlib/tutorial3,13,1,14,2,0,2,0.5,1,1,1,1,0,0
qtbase.examples/qtestlib/tutorial4,28,2,14,2,0,2,0.5,1,1,1,1,0,0
qtbase.examples/qtestlib/tutorial5,243,39,34,4,0,4,0.25,1,1,1,2,0,0
qtbase.examples/qws/dbscreen,0,0,0,0,0,0,0,0,0,0,0,0,0
qtbase.examples/qws/framebuffer,0,0,0,0,0,0,0,0,0,0,0,0,0
qtbase.examples/qws/mousecalibration,0,0,0,0,0,0,0,0,0,0,0,0,0
qtbase.examples/qws/simpledecoration,0,0,0,0,0,0,0,0,0,0,0,0,0
qtbase.examples/qws/svgalib,0,0,0,0,0,0,0,0,0,0,0,0,0
qtbase.examples/richtext/calendar,0,0,340,1,0,1,1,0,0,0,0,0,0
qtbase.examples/richtext/orderform,0,0,630,1,0,1,1,0,0,0,0,0,0
qtbase.examples/richtext/syntaxhighlighter,0,0,486,1,0,1,1,0,0,0,0,0,0
qtbase.examples/richtext/textedit,0,0,921,1,0,1,1,0,0,0,0,0,0
qtbase.examples/scroller/graphicsview,0,0,291,1,0,1,1,0,0,0,0,0,0
qtbase.examples/sql,54,2,89,3,0,3,0.333333333,1,1,1,2,0,0
qtbase.examples/sql/books,220,33,302,2,0,2,0.5,1,1,1,1,0,0
qtbase.examples/sql/cachedtable,70,6,44,3,0,3,0.333333333,1,1,1,1,0,0
qtbase.examples/sql/drilldown,301,37,206,4,0,4,0.25,1,1,1,2,0,0
qtbase.examples/sql/masterdetail,602,61,88,3,0,3,0.333333333,1,1,1,1,0,1
qtbase.examples/sql/querymodel,121,19,70,2,0,2,0.5,1,1,1,1,0,0
qtbase.examples/sql/relationaltablemodel,48,5,14,2,0,2,0.5,1,1,1,1,0,0
qtbase.examples/sql/sqlbrowser,520,93,352,3,0,3,0.333333333,1,1,1,1,0,0
qtbase.examples/sql/sqlwidgetmapper,128,6,42,2,0,2,0.5,1,1,1,1,0,0
qtbase.examples/sql/tablemodel,30,4,14,2,0,2,0.5,1,1,1,1,0,0
qtbase.examples/statemachine/eventtransitions,0,0,115,1,0,1,1,0,0,0,0,0,0
qtbase.examples/statemachine/factorial,0,0,175,1,0,1,1,0,0,0,0,0,0
qtbase.examples/statemachine/pingpong,0,0,139,1,0,1,1,0,0,0,0,0,0
qtbase.examples/statemachine/rogue,0,0,556,2,0,2,0.5,0,0,0,0,0,0
qtbase.examples/statemachine/trafficlight,0,0,184,1,0,1,1,0,0,0,0,0,0
qtbase.examples/statemachine/twowaybutton,0,0,81,1,0,1,1,0,0,0,0,0,0
qtbase.examples/threads/mandelbrot,324,52,105,5,0,5,0.2,1,1,0,1,0,0
qtbase.examples/threads/queuedcustomtype,265,29,102,4,0,4,0.25,1,1,2,2,0,0
qtbase.examples/threads/semaphores,47,5,14,2,0,2,0.5,1,1,1,1,0,0
qtbase.examples/threads/waitconditions,65,9,14,2,0,2,0.5,1,1,0,1,0,0
qtbase.examples/tools/codecs,0,0,580,2,0,2,0.5,0,0,0,0,0,0
qtbase.examples/tools/completer,0,0,607,2,0,2,0.5,0,0,0,0,0,0
qtbase.examples/tools/contiguouscache,65,16,45,3,0,3,0.333333333,1,1,0,2,0,0
qtbase.examples/tools/customcompleter,0,0,558,2,0,2,0.5,0,0,0,0,0,0
qtbase.examples/tools/customtype,68,10,42,2,0,2,0.5,1,1,1,1,0,0
qtbase.examples/tools/customtypesending,97,11,72,3,0,3,0.333333333,1,1,2,2,0,0
qtbase.examples/tools/echoplugin/echowindow,0,0,364,2,0,2,0.5,0,0,0,0,0,0
qtbase.examples/tools/echoplugin/plugin,0,0,135,3,0,3,0.333333333,0,0,0,0,0,0
qtbase.examples/tools/i18n,0,0,536,2,0,2,0.5,0,0,0,0,0,0
qtbase.examples/tools/inputpanel,0,0,0,0,0,0,0,0,0,0,0,0,0
qtbase.examples/tools/plugandpaint,0,0,1195,2,0,2,0.5,0,0,0,0,0,0
qtbase.examples/tools/plugandpaintplugins/basictools,0,0,304,2,0,2,0.5,0,0,0,0,0,0
qtbase.examples/tools/plugandpaintplugins/extrafilters,0,0,211,2,0,2,0.5,0,0,0,0,0,0
qtbase.examples/tools/regexp,0,0,362,3,0,3,0.333333333,0,0,0,0,0,0
qtbase.examples/tools/settingseditor,0,0,1523,3,0,3,0.333333333,0,0,0,0,0,0
qtbase.examples/tools/styleplugin/plugin,0,0,285,2,0,2,0.666666667,0,0,0,0,0,0
qtbase.examples/tools/styleplugin/stylewindow,0,0,207,2,0,2,0.5,0,0,0,0,0,0
qtbase.examples/tools/treemodelcompleter,0,0,619,3,0,3,0.333333333,0,0,0,0,0,0
qtbase.examples/tools/undo,0,0,1791,3,0,3,0.333333333,0,0,0,0,0,0
qtbase.examples/tools/undoframework,0,0,1039,4,0,4,0.25,0,0,0,0,0,0
qtbase.examples/touch/dials,12,1,14,2,0,2,0.5,1,1,1,1,0,0
qtbase.examples/touch/fingerpaint,307,37,76,4,0,4,0.25,1,1,1,2,1,1
qtbase.examples/touch/knobs,54,7,42,2,0,2,0.5,1,1,0,1,0,0
qtbase.examples/touch/pinchzoom,182,33,72,3,0,3,0.333333333,1,1,1,2,0,0
qtbase.examples/tutorials/addressbook-fr/part1,0,0,187,1,0,1,1,0,0,0,0,0,0
qtbase.examples/tutorials/addressbook-fr/part2,0,0,295,1,0,1,1,0,0,0,0,0,0
qtbase.examples/tutorials/addressbook-fr/part3,0,0,353,1,0,1,1,0,0,0,0,0,0
qtbase.examples/tutorials/addressbook-fr/part4,0,0,439,1,0,1,1,0,0,0,0,0,0
qtbase.examples/tutorials/addressbook-fr/part5,0,0,620,1,0,1,1,0,0,0,0,0,0
qtbase.examples/tutorials/addressbook-fr/part6,0,0,698,1,0,1,1,0,0,0,0,0,0
qtbase.examples/tutorials/addressbook-fr/part7,0,0,753,1,0,1,1,0,0,0,0,0,0
qtbase.examples/tutorials/addressbook/part1,0,0,187,1,0,1,1,0,0,0,0,0,0
qtbase.examples/tutorials/addressbook/part2,0,0,295,1,0,1,1,0,0,0,0,0,0
qtbase.examples/tutorials/addressbook/part3,0,0,353,1,0,1,1,0,0,0,0,0,0
qtbase.examples/tutorials/addressbook/part4,0,0,439,1,0,1,1,0,0,0,0,0,0
qtbase.examples/tutorials/addressbook/part5,0,0,620,1,0,1,1,0,0,0,0,0,0
qtbase.examples/tutorials/addressbook/part6,0,0,700,2,0,2,0.5,0,0,0,0,0,0
qtbase.examples/tutorials/addressbook/part7,0,0,753,1,0,1,1,0,0,0,0,0,0
qtbase.examples/tutorials/gettingStarted/gsQt/part1,0,0,52,1,0,1,1,0,0,0,0,0,0
qtbase.examples/tutorials/gettingStarted/gsQt/part2,0,0,63,1,0,1,1,0,0,0,0,0,0
qtbase.examples/tutorials/gettingStarted/gsQt/part3,0,0,97,1,0,1,1,0,0,0,0,0,0
qtbase.examples/tutorials/gettingStarted/gsQt/part4,0,0,108,1,0,1,1,0,0,0,0,0,0
qtbase.examples/tutorials/gettingStarted/gsQt/part5,0,0,134,1,0,1,1,0,0,0,0,0,0
qtbase.examples/tutorials/modelview/1_readonly,0,0,185,1,0,1,1,0,0,0,0,0,0
qtbase.examples/tutorials/modelview/2_formatting,0,0,224,1,0,1,1,0,0,0,0,0,0
qtbase.examples/tutorials/modelview/3_changingmodel,0,0,209,1,0,1,1,0,0,0,0,0,0
qtbase.examples/tutorials/modelview/4_headers,0,0,201,1,0,1,1,0,0,0,0,0,0
qtbase.examples/tutorials/modelview/5_edit,0,0,343,1,0,1,1,0,0,0,0,0,0
qtbase.examples/tutorials/modelview/6_treeview,0,0,198,1,0,1,1,0,0,0,0,0,0
qtbase.examples/tutorials/modelview/7_selections,0,0,224,1,0,1,1,0,0,0,0,0,0
qtbase.examples/tutorials/threads/clock,0,0,197,1,0,1,1,0,0,0,0,0,0
qtbase.examples/tutorials/threads/helloconcurrent,0,0,63,1,0,1,1,0,0,0,0,0,0
qtbase.examples/tutorials/threads/hellothread,0,0,161,1,0,1,1,0,0,0,0,0,0
qtbase.examples/tutorials/threads/hellothreadpool,0,0,65,1,0,1,1,0,0,0,0,0,0
qtbase.examples/tutorials/threads/movedobject,0,0,387,1,0,1,1,0,0,0,0,0,0
qtbase.examples/tutorials/widgets/childwidget,0,0,60,1,0,1,1,0,0,0,0,0,0
qtbase.examples/tutorials/widgets/nestedlayouts,0,0,103,1,0,1,1,0,0,0,0,0,0
qtbase.examples/tutorials/widgets/toplevel,0,0,56,1,0,1,1,0,0,0,0,0,0
qtbase.examples/tutorials/widgets/windowlayout,0,0,62,1,0,1,1,0,0,0,0,0,0
qtbase.examples/uitools/multipleinheritance,0,0,0,0,0,0,0,0,0,0,0,0,0
qtbase.examples/uitools/textfinder,0,0,0,0,0,0,0,0,0,0,0,0,0
qtbase.examples/webkit/webkit-guide/js,897,0,196,2,0,2,0.5,1,1,1,1,0,0
qtbase.examples/widgets/analogclock,0,0,255,1,0,1,1,0,0,0,0,0,0
qtbase.examples/widgets/animation/animatedtiles,165,19,270,3,0,3,0.333333333,1,1,1,2,0,0
qtbase.examples/widgets/animation/appchooser,100,12,189,4,0,4,0.25,1,1,2,3,0,0
qtbase.examples/widgets/animation/easing,209,24,488,5,0,5,0.2,1,1,0,3,0,0
qtbase.examples/widgets/animation/moveblocks,210,16,335,3,0,3,0.333333333,1,1,1,2,0,0
qtbase.examples/widgets/animation/states,210,6,299,3,0,3,0.333333333,1,1,1,2,0,0
qtbase.examples/widgets/animation/stickman,690,92,1780,6,0,6,0.166666667,1,1,1,3,0,0
qtbase.examples/widgets/animation/sub-attaq,1409,175,4679,5,0,5,0.333333333,1,1,1,3,0,3
qtbase.examples/widgets/applicationicon,0,0,50,1,0,1,1,0,0,0,0,0,0
qtbase.examples/widgets/calculator,0,0,675,1,0,1,1,0,0,0,0,0,0
qtbase.examples/widgets/calendarwidget,0,0,642,1,0,1,1,0,0,0,0,0,0
qtbase.examples/widgets/charactermap,0,0,605,1,0,1,1,0,0,0,0,0,0
qtbase.examples/widgets/codeeditor,0,0,330,1,0,1,1,0,0,0,0,0,0
qtbase.examples/widgets/desktop/screenshot,151,19,423,4,0,4,0.25,1,1,0,2,0,0
qtbase.examples/widgets/desktop/systray,228,18,531,5,0,5,0.2,1,1,1,2,0,0
qtbase.examples/widgets/dialogs/classwizard,393,33,697,5,0,5,0.2,1,1,2,3,0,0
qtbase.examples/widgets/dialogs/configdialog,185,9,523,4,0,4,0.25,1,1,1,2,0,0
qtbase.examples/widgets/dialogs/extension,78,3,287,3,0,3,0.333333333,1,1,1,2,0,0
qtbase.examples/widgets/dialogs/findfiles,187,24,431,4,0,4,0.25,1,1,1,2,0,0
qtbase.examples/widgets/dialogs/licensewizard,314,30,637,5,0,5,0.2,1,1,1,3,1,1
qtbase.examples/widgets/dialogs/sipdialog,68,8,281,4,0,4,0.25,1,1,1,3,0,0
qtbase.examples/widgets/dialogs/standarddialogs,422,38,700,5,0,5,0.2,1,1,1,2,0,0
qtbase.examples/widgets/dialogs/tabdialog,154,12,405,5,0,5,0.2,1,1,1,2,0,0
qtbase.examples/widgets/dialogs/trivialwizard,57,5,152,4,0,4,0.25,1,1,1,2,0,0
qtbase.examples/widgets/digitalclock,0,0,182,1,0,1,1,0,0,0,0,0,0
qtbase.examples/widgets/draganddrop/draggableicons,126,15,349,5,0,5,0.2,1,1,0,3,0,0
qtbase.examples/widgets/draganddrop/draggabletext,135,20,468,4,0,4,0.25,1,1,1,2,0,0
qtbase.examples/widgets/draganddrop/dropsite,174,21,567,5,0,5,0.2,1,1,0,3,0,0
qtbase.examples/widgets/draganddrop/fridgemagnets,187,25,577,4,0,4,0.25,1,1,0,2,0,0
qtbase.examples/widgets/draganddrop/puzzle,362,51,920,5,0,5,0.2,1,1,1,2,0,0
qtbase.examples/widgets/effects/blurpicker,158,20,495,3,0,3,0.333333333,1,1,1,2,0,0
qtbase.examples/widgets/effects/fademessage,93,7,295,3,0,3,0.333333333,1,1,1,2,0,0
qtbase.examples/widgets/effects/lighting,100,9,306,3,0,3,0.333333333,1,1,1,2,0,0
qtbase.examples/widgets/elidedlabel,0,0,477,1,0,1,1,0,0,0,0,0,0
qtbase.examples/widgets/graphicsview/anchorlayout,63,2,152,4,0,4,0.25,1,1,1,3,0,0
qtbase.examples/widgets/graphicsview/basicgraphicslayouts,123,11,504,4,0,4,0.25,1,1,1,3,0,0
qtbase.examples/widgets/graphicsview/boxes,2318,384,4433,6,0,6,0.166666667,1,1,1,4,0,0
qtbase.examples/widgets/graphicsview/boxes/3rdparty,125,17,247,1,0,1,1,1,1,0,1,0,0
qtbase.examples/widgets/graphicsview/chip,444,50,1285,9,0,9,0.111111111,1,1,2,5,1,2
qtbase.examples/widgets/graphicsview/collidingmice,143,27,409,5,0,5,0.2,1,1,2,4,0,0
qtbase.examples/widgets/graphicsview/diagramscene,996,120,2254,6,0,6,0.166666667,1,1,1,4,0,0
qtbase.examples/widgets/graphicsview/dragdroprobot,363,40,800,4,0,4,0.25,1,1,1,3,0,0
qtbase.examples/widgets/graphicsview/elasticnodes,425,61,1048,6,0,6,0.166666667,1,1,1,4,0,0
qtbase.examples/widgets/graphicsview/embeddeddialogs,234,46,801,6,0,6,0.166666667,1,1,1,4,0,0
qtbase.examples/widgets/graphicsview/flowlayout,209,32,553,4,0,4,0.25,1,1,1,3,0,0
qtbase.examples/widgets/graphicsview/padnavigator,359,27,1077,6,0,6,0.166666667,1,1,1,3,0,1
qtbase.examples/widgets/graphicsview/simpleanchorlayout,58,3,153,4,0,4,0.25,1,1,1,3,0,0
qtbase.examples/widgets/graphicsview/weatheranchorlayout,171,15,362,4,0,4,0.25,1,1,1,3,0,0
qtbase.examples/widgets/groupbox,0,0,306,1,0,1,1,0,0,0,0,0,0
qtbase.examples/widgets/icons,0,0,1129,1,0,1,1,0,0,0,0,0,0
qtbase.examples/widgets/imageviewer,0,0,436,1,0,1,1,0,0,0,0,0,0
qtbase.examples/widgets/itemviews/addressbook,450,60,1500,5,0,5,0.2,1,1,2,3,1,0
qtbase.examples/widgets/itemviews/basicsortfiltermodel,171,11,388,4,0,4,0.25,1,1,0,3,0,0
qtbase.examples/widgets/itemviews/chart,546,101,1306,5,0,5,0.2,1,1,2,3,0,0
qtbase.examples/widgets/itemviews/coloreditorfactory,87,10,419,3,0,3,0.333333333,1,1,1,2,0,0
qtbase.examples/widgets/itemviews/combowidgetmapper,109,6,321,5,0,5,0.2,1,1,1,4,0,0
qtbase.examples/widgets/itemviews/customsortfiltermodel,227,19,619,4,0,4,0.25,1,1,1,3,0,0
qtbase.examples/widgets/itemviews/dirview,15,1,80,4,0,4,0.25,1,1,1,3,0,0
qtbase.examples/widgets/itemviews/editabletreemodel,429,85,1089,6,0,6,0.166666667,1,1,0,3,0,0
qtbase.examples/widgets/itemviews/fetchmore,117,16,481,5,0,5,0.2,1,1,0,4,0,0
qtbase.examples/widgets/itemviews/frozencolumn,126,18,462,4,0,4,0.25,1,1,0,3,0,0
qtbase.examples/widgets/itemviews/interview,156,33,526,5,0,5,0.2,1,1,1,3,0,0
qtbase.examples/widgets/itemviews/pixelator,274,33,881,7,0,7,0.142857143,1,1,1,5,1,1
qtbase.examples/widgets/itemviews/puzzle,437,68,1022,6,0,6,0.166666667,1,1,1,3,0,0
qtbase.examples/widgets/itemviews/simpledommodel,227,43,779,7,0,7,0.142857143,1,1,2,3,0,0
qtbase.examples/widgets/itemviews/simpletreemodel,204,41,633,6,0,6,0.166666667,1,1,1,3,0,0
qtbase.examples/widgets/itemviews/simplewidgetmapper,100,6,331,5,0,5,0.2,1,1,1,4,0,0
qtbase.examples/widgets/itemviews/spinboxdelegate,66,8,321,5,0,5,0.2,1,1,0,3,0,0
qtbase.examples/widgets/itemviews/spreadsheet,758,96,1894,7,0,7,0.142857143,1,1,0,5,1,1
qtbase.examples/widgets/itemviews/stardelegate,240,39,758,4,0,4,0.25,1,1,0,2,0,0
qtbase.examples/widgets/layouts/basiclayouts,110,9,343,4,0,4,0.25,1,1,1,3,0,0
qtbase.examples/widgets/layouts/borderlayout,207,35,564,5,0,5,0.2,1,1,1,3,0,0
qtbase.examples/widgets/layouts/dynamiclayouts,137,13,356,4,0,4,0.25,1,1,0,3,0,0
qtbase.examples/widgets/layouts/flowlayout,179,30,542,5,0,5,0.2,1,1,1,3,0,0
qtbase.examples/widgets/lineedits,0,0,382,1,0,1,1,0,0,0,0,0,0
qtbase.examples/widgets/maemovibration,0,0,0,0,0,0,0,0,0,0,0,0,0
qtbase.examples/widgets/mainwindows/application,284,33,602,4,0,4,0.25,1,1,1,2,0,0
qtbase.examples/widgets/mainwindows/dockwidgets,290,26,542,4,0,4,0.25,1,1,0,2,0,0
qtbase.examples/widgets/mainwindows/mainwindow,1387,184,2498,4,0,4,0.25,1,1,0,2,0,0
qtbase.examples/widgets/mainwindows/mdi,502,61,911,4,0,4,0.25,1,1,1,2,0,0
qtbase.examples/widgets/mainwindows/menus,318,25,587,3,0,3,0.333333333,1,1,1,2,0,0
qtbase.examples/widgets/mainwindows/recentfiles,221,28,444,4,0,4,0.25,1,1,0,2,0,0
qtbase.examples/widgets/mainwindows/sdi,335,38,580,4,0,4,0.25,1,1,1,2,0,0
qtbase.examples/widgets/mousebuttons,0,0,302,1,0,1,1,0,0,0,0,0,0
qtbase.examples/widgets/movie,0,0,358,1,0,1,1,0,0,0,0,0,0
qtbase.examples/widgets/orientation,0,0,242,1,0,1,1,0,0,0,0,0,0
qtbase.examples/widgets/painting/affine,828,47,1267,5,0,5,0.2,1,1,1,3,0,0
qtbase.examples/widgets/painting/basicdrawing,349,35,825,5,0,5,0.2,1,1,1,3,0,0
qtbase.examples/widgets/painting/composition,388,55,998,4,0,4,0.25,1,1,0,3,0,0
qtbase.examples/widgets/painting/concentriccircles,125,15,508,4,0,4,0.25,1,1,1,3,0,0
qtbase.examples/widgets/painting/deform,495,62,1090,6,0,6,0.166666667,1,1,0,4,0,0
qtbase.examples/widgets/painting/fontsampler,294,46,596,5,0,5,0.2,1,1,0,4,1,2
qtbase.examples/widgets/painting/gradients,460,53,937,5,0,5,0.2,1,1,1,4,0,0
qtbase.examples/widgets/painting/imagecomposition,148,12,414,4,0,4,0.25,1,1,0,3,0,0
qtbase.examples/widgets/painting/painterpaths,273,22,766,5,0,5,0.2,1,1,0,3,0,0
qtbase.examples/widgets/painting/pathstroke,597,83,1223,6,0,6,0.166666667,1,1,1,4,0,0
qtbase.examples/widgets/painting/shared,1001,177,1969,5,0,5,0.2,1,1,0,3,0,0
qtbase.examples/widgets/painting/transformations,236,24,663,4,0,4,0.25,1,1,1,3,0,0
qtbase.examples/widgets/richtext/calendar,133,12,393,4,0,4,0.25,1,1,0,2,0,0
qtbase.examples/widgets/richtext/orderform,276,24,721,6,0,6,0.166666667,1,1,1,3,1,1
qtbase.examples/widgets/richtext/syntaxhighlighter,186,20,586,4,0,4,0.25,1,1,1,2,0,0
qtbase.examples/widgets/richtext/textedit,640,80,1205,6,0,6,0.166666667,1,1,0,4,1,1
qtbase.examples/widgets/scribble,0,0,702,1,0,1,1,0,0,0,0,0,0
qtbase.examples/widgets/scroller/graphicsview,174,24,307,4,0,4,0.25,1,1,0,2,0,1
qtbase.examples/widgets/shapedclock,0,0,275,1,0,1,1,0,0,0,0,0,0
qtbase.examples/widgets/sliders,0,0,490,1,0,1,1,0,0,0,0,0,0
qtbase.examples/widgets/softkeys,0,0,326,1,0,1,1,0,0,0,0,0,0
qtbase.examples/widgets/spinboxes,0,0,383,1,0,1,1,0,0,0,0,0,0
qtbase.examples/widgets/statemachine/eventtransitions,46,2,129,3,0,3,0.333333333,1,1,1,2,0,0
qtbase.examples/widgets/statemachine/factorial,97,15,191,4,0,4,0.25,1,1,1,3,0,0
qtbase.examples/widgets/statemachine/pingpong,69,11,153,3,0,3,0.333333333,1,1,1,2,0,0
qtbase.examples/widgets/statemachine/rogue,238,45,571,4,0,4,0.25,1,1,0,3,0,0
qtbase.examples/widgets/statemachine/trafficlight,116,15,198,3,0,3,0.333333333,1,1,0,2,0,0
qtbase.examples/widgets/statemachine/twowaybutton,21,1,95,3,0,3,0.333333333,1,1,1,2,0,0
qtbase.examples/widgets/styles,0,0,857,1,0,1,1,0,0,0,0,0,0
qtbase.examples/widgets/stylesheet,0,0,353,1,0,1,1,0,0,0,0,0,0
qtbase.examples/widgets/symbianvibration,0,0,0,0,0,0,0,0,0,0,0,0,0
qtbase.examples/widgets/tablet,0,0,957,1,0,1,1,0,0,0,0,0,0
qtbase.examples/widgets/tetrix,0,0,989,1,0,1,1,0,0,0,0,0,0
qtbase.examples/widgets/tools/codecs,240,24,530,2,0,2,0.5,1,1,1,1,0,0
qtbase.examples/widgets/tools/completer,230,26,559,3,0,3,0.333333333,1,1,1,2,0,0
qtbase.examples/widgets/tools/customcompleter,188,31,516,3,0,3,0.333333333,1,1,1,2,0,0
qtbase.examples/widgets/tools/echoplugin/echowindow,88,10,324,2,0,2,0.5,1,1,1,1,0,0
qtbase.examples/widgets/tools/echoplugin/plugin,12,1,114,2,0,2,0.5,1,1,1,1,0,0
qtbase.examples/widgets/tools/i18n,206,23,505,3,0,3,0.333333333,1,1,2,1,0,0
qtbase.examples/widgets/tools/plugandpaint,534,66,1119,3,0,3,0.333333333,1,1,1,2,0,0
qtbase.examples/widgets/tools/plugandpaintplugins/basictools,130,22,286,3,0,3,0.333333333,1,1,0,1,0,0
qtbase.examples/widgets/tools/plugandpaintplugins/extrafilters,81,17,191,2,0,2,0.5,1,1,0,1,0,0
qtbase.examples/widgets/tools/regexp,159,9,330,2,0,2,0.5,1,1,1,1,0,0
qtbase.examples/widgets/tools/settingseditor,861,154,1431,2,0,2,0.5,1,1,1,1,0,0
qtbase.examples/widgets/tools/styleplugin/plugin,37,6,241,2,0,2,0.5,1,1,1,1,0,0
qtbase.examples/widgets/tools/styleplugin/stylewindow,27,2,177,2,0,2,0.5,1,1,1,1,0,0
qtbase.examples/widgets/tools/treemodelcompleter,236,29,565,2,0,2,0.5,1,1,2,1,0,0
qtbase.examples/widgets/tools/undo,882,156,1465,2,0,2,0.5,1,1,2,1,0,0
qtbase.examples/widgets/tools/undoframework,366,43,941,3,0,3,0.333333333,1,1,1,2,0,0
qtbase.examples/widgets/tooltips,0,0,630,1,0,1,1,0,0,0,0,0,0
qtbase.examples/widgets/tutorials/addressbook-fr/part1,36,3,231,4,0,4,0.25,1,1,1,3,0,0
qtbase.examples/widgets/tutorials/addressbook-fr/part2,115,9,347,4,0,4,0.25,1,1,1,3,0,0
qtbase.examples/widgets/tutorials/addressbook-fr/part3,166,16,417,4,0,4,0.25,1,1,2,3,0,0
qtbase.examples/widgets/tutorials/addressbook-fr/part4,228,28,513,4,0,4,0.25,1,1,2,3,0,0
qtbase.examples/widgets/tutorials/addressbook-fr/part5,303,36,724,4,0,4,0.25,1,1,1,3,0,0
qtbase.examples/widgets/tutorials/addressbook-fr/part6,368,43,800,4,0,4,0.25,1,1,1,3,0,0
qtbase.examples/widgets/tutorials/addressbook-fr/part7,416,47,855,5,0,5,0.2,1,1,3,3,0,0
qtbase.examples/widgets/tutorials/addressbook/part1,36,3,231,4,0,4,0.25,1,1,1,3,0,0
qtbase.examples/widgets/tutorials/addressbook/part2,115,9,347,4,0,4,0.25,1,1,2,3,0,0
qtbase.examples/widgets/tutorials/addressbook/part3,166,16,417,4,0,4,0.25,1,1,0,3,0,0
qtbase.examples/widgets/tutorials/addressbook/part4,228,28,513,4,0,4,0.25,1,1,0,3,0,0
qtbase.examples/widgets/tutorials/addressbook/part5,303,36,724,4,0,4,0.25,1,1,1,3,0,0
qtbase.examples/widgets/tutorials/addressbook/part6,368,43,800,4,0,4,0.25,1,1,1,3,0,0
qtbase.examples/widgets/tutorials/addressbook/part7,416,47,855,5,0,5,0.2,1,1,2,3,0,0
qtbase.examples/widgets/tutorials/gettingStarted/gsQt/part1,7,1,66,3,0,3,0.333333333,1,1,0,2,0,0
qtbase.examples/widgets/tutorials/gettingStarted/gsQt/part2,14,1,91,4,0,4,0.25,1,1,1,2,0,0
qtbase.examples/widgets/tutorials/gettingStarted/gsQt/part3,39,4,115,4,0,4,0.25,1,1,1,3,0,0
qtbase.examples/widgets/tutorials/gettingStarted/gsQt/part4,45,4,122,3,0,3,0.333333333,1,1,0,2,0,0
qtbase.examples/widgets/tutorials/gettingStarted/gsQt/part5,69,8,152,4,0,4,0.25,1,1,1,2,0,0
qtbase.examples/widgets/tutorials/modelview/1_readonly,40,6,227,3,0,3,0.333333333,1,1,0,2,0,0
qtbase.examples/widgets/tutorials/modelview/2_formatting,73,16,266,3,0,3,0.333333333,1,1,1,2,0,0
qtbase.examples/widgets/tutorials/modelview/3_changingmodel,57,8,251,3,0,3,0.333333333,1,1,0,2,0,0
qtbase.examples/widgets/tutorials/modelview/4_headers,59,12,243,3,0,3,0.333333333,1,1,0,2,0,0
qtbase.examples/widgets/tutorials/modelview/5_edit,91,14,419,5,0,5,0.2,1,1,0,3,0,0
qtbase.examples/widgets/tutorials/modelview/6_treeview,50,4,240,3,0,3,0.333333333,1,1,0,2,0,0
qtbase.examples/widgets/tutorials/modelview/7_selections,67,5,268,4,0,4,0.25,1,1,2,3,0,0
qtbase.examples/widgets/tutorials/threads/clock,45,4,239,3,0,3,0.333333333,1,1,1,2,0,0
qtbase.examples/widgets/tutorials/threads/helloconcurrent,12,2,77,3,0,3,0.333333333,1,1,0,2,0,0
qtbase.examples/widgets/tutorials/threads/hellothread,19,2,203,3,0,3,0.333333333,1,1,0,2,0,0
qtbase.examples/widgets/tutorials/threads/hellothreadpool,19,2,79,3,0,3,0.333333333,1,1,0,2,0,0
qtbase.examples/widgets/tutorials/threads/movedobject,113,13,457,3,0,3,0.333333333,1,1,1,2,0,0
qtbase.examples/widgets/tutorials/widgets/childwidget,13,1,74,3,0,3,0.333333333,1,1,1,2,0,0
qtbase.examples/widgets/tutorials/widgets/nestedlayouts,44,1,117,3,0,3,0.333333333,1,1,1,2,0,0
qtbase.examples/widgets/tutorials/widgets/toplevel,10,1,70,3,0,3,0.333333333,1,1,1,2,0,0
qtbase.examples/widgets/tutorials/widgets/windowlayout,15,1,76,3,0,3,0.333333333,1,1,0,2,0,0
qtbase.examples/widgets/validators,0,0,634,1,0,1,1,0,0,0,0,0,0
qtbase.examples/widgets/widgets/analogclock,68,6,297,3,0,3,0.333333333,1,1,0,2,0,0
qtbase.examples/widgets/widgets/applicationicon,0,0,114,4,0,4,0.25,0,0,0,0,0,0
qtbase.examples/widgets/widgets/calculator,325,52,749,5,0,5,0.2,1,1,2,3,0,0
qtbase.examples/widgets/widgets/calendarwidget,401,31,718,4,0,4,0.25,1,1,1,3,0,0
qtbase.examples/widgets/widgets/charactermap,264,27,677,4,0,4,0.25,1,1,2,3,0,0
qtbase.examples/widgets/widgets/codeeditor,121,17,376,4,0,4,0.25,1,1,1,3,0,0
qtbase.examples/widgets/widgets/digitalclock,34,4,224,3,0,3,0.333333333,1,1,0,2,0,0
qtbase.examples/widgets/widgets/elidedlabel,164,14,549,4,0,4,0.25,1,1,1,2,0,0
qtbase.examples/widgets/widgets/groupbox,119,7,348,3,0,3,0.333333333,1,1,1,2,0,0
qtbase.examples/widgets/widgets/icons,524,67,1255,3,0,3,0.333333333,1,1,1,2,0,0
qtbase.examples/widgets/widgets/imageviewer,212,20,480,4,0,4,0.25,1,1,1,3,1,1
qtbase.examples/widgets/widgets/lineedits,190,24,429,4,0,4,0.25,1,1,0,2,0,0
qtbase.examples/widgets/widgets/mousebuttons,181,96,409,5,0,5,0.2,1,1,0,3,0,0
qtbase.examples/widgets/widgets/movie,188,15,400,3,0,3,0.333333333,1,1,1,2,0,0
qtbase.examples/widgets/widgets/orientation,0,0,526,4,0,4,0.25,0,0,0,0,0,0
qtbase.examples/widgets/widgets/scribble,336,46,780,6,0,6,0.166666667,1,1,1,4,1,1
qtbase.examples/widgets/widgets/shapedclock,105,12,317,3,0,3,0.333333333,1,1,0,2,0,0
qtbase.examples/widgets/widgets/sliders,190,11,560,3,0,3,0.333333333,1,1,0,2,0,0
qtbase.examples/widgets/widgets/softkeys,0,0,688,3,0,3,0.333333333,0,0,0,0,0,0
qtbase.examples/widgets/widgets/spinboxes,181,9,435,4,0,4,0.25,1,1,1,2,0,0
qtbase.examples/widgets/widgets/styles,469,44,970,6,0,6,0.166666667,1,1,2,3,0,0
qtbase.examples/widgets/widgets/stylesheet,98,11,425,3,0,3,0.5,1,1,1,2,0,1
qtbase.examples/widgets/widgets/tablet,482,73,1055,3,0,3,0.333333333,1,1,0,2,0,0
qtbase.examples/widgets/widgets/tetrix,489,89,1087,3,0,3,0.333333333,1,1,0,2,0,0
qtbase.examples/widgets/widgets/tooltips,278,38,700,3,0,3,0.333333333,1,1,0,2,0,0
qtbase.examples/widgets/widgets/validators,145,17,980,4,0,4,0.25,1,1,0,2,0,0
qtbase.examples/widgets/widgets/wiggly,91,10,447,5,0,5,0.2,1,1,1,2,0,0
qtbase.examples/widgets/widgets/windowflags,278,56,645,3,0,3,0.6,1,1,0,2,0,0
qtbase.examples/widgets/wiggly,0,0,364,1,0,1,1,0,0,0,0,0,0
qtbase.examples/widgets/windowcontainer,89,13,170,1,0,1,1,1,1,0,0,0,0
qtbase.examples/widgets/windowflags,0,0,560,1,0,1,1,0,0,0,0,0,0
qtbase.examples/xml/dombookmarks,250,33,70,2,0,2,0.5,1,1,0,1,0,0
qtbase.examples/xml/htmlinfo,53,11,16,3,0,3,0.333333333,1,1,2,1,0,1
qtbase.examples/xml/rsslisting,146,23,44,2,0,2,0.666666667,1,1,0,1,0,1
qtbase.examples/xml/saxbookmarks,320,46,98,2,0,2,0.666666667,1,1,1,1,0,0
qtbase.examples/xml/streambookmarks,301,49,98,2,0,2,0.5,1,1,1,1,0,0
qtbase.examples/xml/xmlstreamlint,59,7,14,2,0,2,0.5,1,1,1,1,0,0
qtbase.mkspecs/aix-g++,0,0,52,2,0,2,0.5,0,0,0,0,0,0
qtbase.mkspecs/aix-g++-64,0,0,52,2,0,2,0.5,0,0,0,0,0,0
qtbase.mkspecs/aix-xlc,0,0,52,2,0,2,0.5,0,0,0,0,0,0
qtbase.mkspecs/aix-xlc-64,0,0,52,2,0,2,0.5,0,0,0,0,0,0
qtbase.mkspecs/blackberry-armv7le-qcc,0,0,90,2,0,2,0.5,0,0,0,0,0,0
qtbase.mkspecs/blackberry-x86-qcc,0,0,90,2,0,2,0.5,0,0,0,0,0,0
qtbase.mkspecs/common/aix,0,0,50,2,0,2,0.5,0,0,0,0,0,0
qtbase.mkspecs/common/android,0,0,46,1,0,1,1,0,0,0,0,0,0
qtbase.mkspecs/common/c89,0,0,52,2,0,2,0.5,0,0,0,0,0,0
qtbase.mkspecs/common/ios,0,0,150,5,0,5,0.2,0,0,0,0,0,0
qtbase.mkspecs/common/ios/GLES,0,0,95,3,0,3,0.333333333,0,0,0,0,0,0
qtbase.mkspecs/common/ios/GLES2,0,0,52,2,0,2,0.5,0,0,0,0,0,0
qtbase.mkspecs/common/mac,0,0,56,4,0,4,0.25,0,0,0,0,0,0
qtbase.mkspecs/common/nacl,0,0,52,2,0,2,0.5,0,0,0,0,0,0
qtbase.mkspecs/common/posix,0,0,50,2,0,2,0.5,0,0,0,0,0,0
qtbase.mkspecs/common/symbian,0,0,0,0,0,0,0,0,0,0,0,0,0
qtbase.mkspecs/common/symbian/header-wrappers,0,0,0,0,0,0,0,0,0,0,0,0,0
qtbase.mkspecs/common/wince,1,0,51,3,0,3,0.333333333,1,1,0,1,0,0
qtbase.mkspecs/cygwin-g++,0,0,51,3,0,3,0.333333333,0,0,0,0,0,0
qtbase.mkspecs/darwin-g++,0,0,50,2,0,2,0.5,0,0,0,0,0,0
qtbase.mkspecs/devices/linux-archos-gen8-g++,0,0,52,2,0,2,0.5,0,0,0,0,0,0
qtbase.mkspecs/devices/linux-arm-amlogic-8726M-g++,36,6,102,2,0,2,0.5,1,1,1,1,0,0
qtbase.mkspecs/devices/linux-arm-trident-pnx8473-g++,0,0,52,2,0,2,0.5,0,0,0,0,0,0
qtbase.mkspecs/devices/linux-beagleboard-g++,0,0,52,2,0,2,0.5,0,0,0,0,0,0
qtbase.mkspecs/devices/linux-imx6-g++,37,5,240,4,0,4,0.25,1,1,1,1,0,0
qtbase.mkspecs/devices/linux-maemo-n9-g++,0,0,94,3,0,3,0.333333333,0,0,0,0,0,0
qtbase.mkspecs/devices/linux-mipsel-broadcom-97425-g++,22,4,102,2,0,2,0.5,1,1,1,1,0,0
qtbase.mkspecs/devices/linux-n9-g++,0,0,42,1,0,1,1,0,0,0,0,0,0
qtbase.mkspecs/devices/linux-rasp-pi-g++,193,28,102,2,0,2,0.5,1,1,1,1,0,0
qtbase.mkspecs/devices/linux-sh4-stmicro-ST7108-g++,0,0,52,2,0,2,0.5,0,0,0,0,0,0
qtbase.mkspecs/devices/linux-sh4-stmicro-ST7540-g++,0,0,52,2,0,2,0.5,0,0,0,0,0,0
qtbase.mkspecs/devices/linux-snowball-g++,0,0,52,2,0,2,0.5,0,0,0,0,0,0
qtbase.mkspecs/devices/linux-tegra2-g++,0,0,44,2,0,2,0.5,0,0,0,0,0,0
qtbase.mkspecs/freebsd-g++,0,0,50,2,0,2,0.5,0,0,0,0,0,0
qtbase.mkspecs/freebsd-g++34,0,0,0,0,0,0,0,0,0,0,0,0,0
qtbase.mkspecs/freebsd-g++40,0,0,0,0,0,0,0,0,0,0,0,0,0
qtbase.mkspecs/freebsd-g++46,0,0,52,2,0,2,0.5,0,0,0,0,0,0
qtbase.mkspecs/freebsd-icc,0,0,52,2,0,2,0.5,0,0,0,0,0,0
qtbase.mkspecs/hpux-acc,0,0,50,2,0,2,0.5,0,0,0,0,0,0
qtbase.mkspecs/hpux-acc-64,0,0,50,2,0,2,0.5,0,0,0,0,0,0
qtbase.mkspecs/hpux-acc-o64,0,0,50,2,0,2,0.5,0,0,0,0,0,0
qtbase.mkspecs/hpux-g++,0,0,50,2,0,2,0.5,0,0,0,0,0,0
qtbase.mkspecs/hpux-g++-64,0,0,50,2,0,2,0.5,0,0,0,0,0,0
qtbase.mkspecs/hpuxi-acc-32,0,0,50,2,0,2,0.5,0,0,0,0,0,0
qtbase.mkspecs/hpuxi-acc-64,0,0,50,2,0,2,0.5,0,0,0,0,0,0
qtbase.mkspecs/hpuxi-g++-64,0,0,50,2,0,2,0.5,0,0,0,0,0,0
qtbase.mkspecs/hurd-g++,0,0,50,2,0,2,0.5,0,0,0,0,0,0
qtbase.mkspecs/irix-cc,0,0,50,2,0,2,0.5,0,0,0,0,0,0
qtbase.mkspecs/irix-cc-64,0,0,50,2,0,2,0.5,0,0,0,0,0,0
qtbase.mkspecs/irix-g++,0,0,50,2,0,2,0.5,0,0,0,0,0,0
qtbase.mkspecs/irix-g++-64,0,0,52,2,0,2,0.5,0,0,0,0,0,0
qtbase.mkspecs/linux-arm-gnueabi-g++,0,0,52,2,0,2,0.5,0,0,0,0,0,0
qtbase.mkspecs/linux-clang,0,0,50,2,0,2,0.5,0,0,0,0,0,0
qtbase.mkspecs/linux-cxx,0,0,50,2,0,2,0.5,0,0,0,0,0,0
qtbase.mkspecs/linux-ecc-64,0,0,101,1,0,1,1,0,0,0,0,0,0
qtbase.mkspecs/linux-g++,0,0,50,2,0,2,0.5,0,0,0,0,0,0
qtbase.mkspecs/linux-g++-32,0,0,52,2,0,2,0.5,0,0,0,0,0,0
qtbase.mkspecs/linux-g++-64,0,0,52,2,0,2,0.5,0,0,0,0,0,0
qtbase.mkspecs/linux-g++-maemo,0,0,52,2,0,2,0.5,0,0,0,0,0,0
qtbase.mkspecs/linux-icc,0,0,52,2,0,2,0.5,0,0,0,0,0,0
qtbase.mkspecs/linux-icc-32,0,0,52,2,0,2,0.5,0,0,0,0,0,0
qtbase.mkspecs/linux-icc-64,0,0,52,2,0,2,0.5,0,0,0,0,0,0
qtbase.mkspecs/linux-kcc,0,0,50,2,0,2,0.5,0,0,0,0,0,0
qtbase.mkspecs/linux-llvm,0,0,50,2,0,2,0.5,0,0,0,0,0,0
qtbase.mkspecs/linux-lsb-g++,0,0,50,2,0,2,0.5,0,0,0,0,0,0
qtbase.mkspecs/linux-pgcc,0,0,50,2,0,2,0.5,0,0,0,0,0,0
qtbase.mkspecs/lynxos-g++,0,0,50,2,0,2,0.5,0,0,0,0,0,0
qtbase.mkspecs/macx-clang,0,0,52,2,0,2,0.5,0,0,0,0,0,0
qtbase.mkspecs/macx-clang-32,0,0,52,2,0,2,0.5,0,0,0,0,0,0
qtbase.mkspecs/macx-clang-libc++,0,0,52,2,0,2,0.5,0,0,0,0,0,0
qtbase.mkspecs/macx-clang-libc++-32,0,0,52,2,0,2,0.5,0,0,0,0,0,0
qtbase.mkspecs/macx-g++,0,0,52,2,0,2,0.5,0,0,0,0,0,0
qtbase.mkspecs/macx-g++-32,0,0,52,2,0,2,0.5,0,0,0,0,0,0
qtbase.mkspecs/macx-g++40,0,0,52,2,0,2,0.5,0,0,0,0,0,0
qtbase.mkspecs/macx-g++42,0,0,52,2,0,2,0.5,0,0,0,0,0,0
qtbase.mkspecs/macx-icc,0,0,52,2,0,2,0.5,0,0,0,0,0,0
qtbase.mkspecs/macx-llvm,0,0,52,2,0,2,0.5,0,0,0,0,0,0
qtbase.mkspecs/macx-pbuilder,0,0,142,2,0,2,0.5,0,0,0,0,0,0
qtbase.mkspecs/macx-xcode,0,0,52,2,0,2,0.5,0,0,0,0,0,0
qtbase.mkspecs/macx-xlc,0,0,137,2,0,2,0.5,0,0,0,0,0,0
qtbase.mkspecs/netbsd-g++,0,0,50,2,0,2,0.5,0,0,0,0,0,0
qtbase.mkspecs/openbsd-g++,0,0,50,2,0,2,0.5,0,0,0,0,0,0
qtbase.mkspecs/qnx-armv7le-qcc,4,1,148,2,0,2,0.5,1,1,0,2,0,0
qtbase.mkspecs/qnx-x86-qcc,4,1,148,2,0,2,0.5,1,1,0,2,0,0
qtbase.mkspecs/sco-cc,0,0,50,2,0,2,0.5,0,0,0,0,0,0
qtbase.mkspecs/sco-g++,0,0,50,2,0,2,0.5,0,0,0,0,0,0
qtbase.mkspecs/solaris-cc,2,1,50,2,0,2,0.5,1,1,1,1,0,0
qtbase.mkspecs/solaris-cc-64,2,1,50,2,0,2,0.5,1,1,1,1,0,0
qtbase.mkspecs/solaris-cc-64-stlport,0,0,52,2,0,2,0.5,0,0,0,0,0,0
qtbase.mkspecs/solaris-cc-stlport,0,0,52,2,0,2,0.5,0,0,0,0,0,0
qtbase.mkspecs/solaris-g++,4,2,50,2,0,2,0.5,1,1,1,1,0,0
qtbase.mkspecs/solaris-g++-64,4,2,50,2,0,2,0.5,1,1,0,1,0,0
qtbase.mkspecs/symbian-abld,0,0,0,0,0,0,0,0,0,0,0,0,0
qtbase.mkspecs/symbian-armcc,0,0,0,0,0,0,0,0,0,0,0,0,0
qtbase.mkspecs/symbian-gcce,0,0,0,0,0,0,0,0,0,0,0,0,0
qtbase.mkspecs/symbian-sbsv2,0,0,0,0,0,0,0,0,0,0,0,0,0
qtbase.mkspecs/tru64-cxx,0,0,50,2,0,2,0.5,0,0,0,0,0,0
qtbase.mkspecs/tru64-g++,0,0,50,2,0,2,0.5,0,0,0,0,0,0
qtbase.mkspecs/unixware-cc,0,0,50,2,0,2,0.5,0,0,0,0,0,0
qtbase.mkspecs/unixware-g++,0,0,50,2,0,2,0.5,0,0,0,0,0,0
qtbase.mkspecs/unsupported/android-g++,76,13,337,4,0,4,0.333333333,1,1,2,1,1,1
qtbase.mkspecs/unsupported/blackberry-armv7le-qcc,0,0,42,1,0,1,1,0,0,0,0,0,0
qtbase.mkspecs/unsupported/blackberry-x86-qcc,0,0,42,1,0,1,1,0,0,0,0,0,0
qtbase.mkspecs/unsupported/integrity-ghs,2,0,50,2,0,2,0.5,1,1,1,1,0,0
qtbase.mkspecs/unsupported/linux-android-armeabi-g++,0,0,90,2,0,2,0.5,0,0,0,0,0,0
qtbase.mkspecs/unsupported/linux-android-armeabi-v7a-g++,0,0,90,2,0,2,0.5,0,0,0,0,0,0
qtbase.mkspecs/unsupported/linux-android-x86-g++,0,0,90,2,0,2,0.5,0,0,0,0,0,0
qtbase.mkspecs/unsupported/linux-armcc,0,0,50,2,0,2,0.5,0,0,0,0,0,0
qtbase.mkspecs/unsupported/linux-clang,0,0,0,0,0,0,0,0,0,0,0,0,0
qtbase.mkspecs/unsupported/linux-host-g++,0,0,52,2,0,2,0.5,0,0,0,0,0,0
qtbase.mkspecs/unsupported/linux-scratchbox2-g++,0,0,52,2,0,2,0.5,0,0,0,0,0,0
qtbase.mkspecs/unsupported/macx-clang,0,0,0,0,0,0,0,0,0,0,0,0,0
qtbase.mkspecs/unsupported/macx-ios-clang,0,0,44,1,0,1,1,0,0,0,0,0,0
qtbase.mkspecs/unsupported/macx-iosdevice-clang,0,0,94,3,0,3,0.333333333,0,0,0,0,0,0
qtbase.mkspecs/unsupported/macx-iosdevice-clang-legacy,0,0,94,3,0,3,0.333333333,0,0,0,0,0,0
qtbase.mkspecs/unsupported/macx-iosdevice-g++,0,0,94,3,0,3,0.333333333,0,0,0,0,0,0
qtbase.mkspecs/unsupported/macx-iosdevice-g++-legacy,0,0,94,3,0,3,0.333333333,0,0,0,0,0,0
qtbase.mkspecs/unsupported/macx-iosdevice-llvm,0,0,94,3,0,3,0.333333333,0,0,0,0,0,0
qtbase.mkspecs/unsupported/macx-iosdevice-llvm-legacy,0,0,94,3,0,3,0.333333333,0,0,0,0,0,0
qtbase.mkspecs/unsupported/macx-iossimulator-clang,0,0,94,3,0,3,0.333333333,0,0,0,0,0,0
qtbase.mkspecs/unsupported/macx-iossimulator-clang-legacy,0,0,94,3,0,3,0.333333333,0,0,0,0,0,0
qtbase.mkspecs/unsupported/macx-iossimulator-g++,0,0,94,3,0,3,0.333333333,0,0,0,0,0,0
qtbase.mkspecs/unsupported/macx-iossimulator-g++-legacy,0,0,94,3,0,3,0.333333333,0,0,0,0,0,0
qtbase.mkspecs/unsupported/macx-iossimulator-llvm,0,0,94,3,0,3,0.333333333,0,0,0,0,0,0
qtbase.mkspecs/unsupported/macx-iossimulator-llvm-legacy,0,0,94,3,0,3,0.333333333,0,0,0,0,0,0
qtbase.mkspecs/unsupported/nacl-g++,0,0,52,2,0,2,0.5,0,0,0,0,0,0
qtbase.mkspecs/unsupported/nacl64-g++,0,0,52,2,0,2,0.5,0,0,0,0,0,0
qtbase.mkspecs/unsupported/qnx-armv7le-qcc,0,0,102,1,0,1,1,0,0,0,0,0,0
qtbase.mkspecs/unsupported/qnx-g++,0,0,0,0,0,0,0,0,0,0,0,0,0
qtbase.mkspecs/unsupported/qnx-X11-g++,8,2,50,2,0,2,0.5,1,1,1,1,0,0
qtbase.mkspecs/unsupported/qnx-x86-qcc,0,0,102,1,0,1,1,0,0,0,0,0,0
qtbase.mkspecs/unsupported/qws/integrity-arm-cxarm,0,0,0,0,0,0,0,0,0,0,0,0,0
qtbase.mkspecs/unsupported/qws/integrity-ppc-cxppc,0,0,0,0,0,0,0,0,0,0,0,0,0
qtbase.mkspecs/unsupported/qws/linux-x86-openkode-g++,0,0,0,0,0,0,0,0,0,0,0,0,0
qtbase.mkspecs/unsupported/qws/qnx-641,0,0,0,0,0,0,0,0,0,0,0,0,0
qtbase.mkspecs/unsupported/qws/qnx-generic-g++,0,0,0,0,0,0,0,0,0,0,0,0,0
qtbase.mkspecs/unsupported/qws/qnx-i386-g++,0,0,0,0,0,0,0,0,0,0,0,0,0
qtbase.mkspecs/unsupported/qws/qnx-ppc-g++,0,0,0,0,0,0,0,0,0,0,0,0,0
qtbase.mkspecs/unsupported/vxworks-ppc-dcc,0,0,52,2,0,2,0.5,0,0,0,0,0,0
qtbase.mkspecs/unsupported/vxworks-ppc-g++,0,0,52,2,0,2,0.5,0,0,0,0,0,0
qtbase.mkspecs/unsupported/vxworks-simpentium-dcc,0,0,52,2,0,2,0.5,0,0,0,0,0,0
qtbase.mkspecs/unsupported/vxworks-simpentium-g++,0,0,50,2,0,2,0.5,0,0,0,0,0,0
qtbase.mkspecs/unsupported/win32-borland,0,0,210,1,0,1,1,0,0,0,0,0,0
qtbase.mkspecs/unsupported/win32-g++-cross,0,0,42,1,0,1,1,0,0,0,0,0,0
qtbase.mkspecs/unsupported/win32-msvc2003,1,0,50,2,0,2,0.5,1,1,0,1,0,0
qtbase.mkspecs/win32-borland,0,0,0,0,0,0,0,0,0,0,0,0,0
qtbase.mkspecs/win32-g++,12,0,71,4,0,4,0.25,1,1,1,2,0,0
qtbase.mkspecs/win32-icc,0,0,51,3,0,3,0.333333333,0,0,0,0,0,0
qtbase.mkspecs/win32-msvc11,0,0,42,1,0,1,1,0,0,0,0,0,0
qtbase.mkspecs/win32-msvc2003,0,0,0,0,0,0,0,0,0,0,0,0,0
qtbase.mkspecs/win32-msvc2005,1,0,51,3,0,3,0.333333333,1,1,1,1,0,0
qtbase.mkspecs/win32-msvc2008,0,0,52,2,0,2,0.5,0,0,0,0,0,0
qtbase.mkspecs/win32-msvc2010,0,0,52,2,0,2,0.5,0,0,0,0,0,0
qtbase.mkspecs/win32-msvc2012,0,0,94,3,0,3,0.333333333,0,0,0,0,0,0
qtbase.mkspecs/wince50standard-armv4i-msvc2005,0,0,52,2,0,2,0.5,0,0,0,0,0,0
qtbase.mkspecs/wince50standard-armv4i-msvc2008,0,0,52,2,0,2,0.5,0,0,0,0,0,0
qtbase.mkspecs/wince50standard-mipsii-msvc2005,0,0,52,2,0,2,0.5,0,0,0,0,0,0
qtbase.mkspecs/wince50standard-mipsii-msvc2008,0,0,52,2,0,2,0.5,0,0,0,0,0,0
qtbase.mkspecs/wince50standard-mipsiv-msvc2005,0,0,52,2,0,2,0.5,0,0,0,0,0,0
qtbase.mkspecs/wince50standard-mipsiv-msvc2008,0,0,52,2,0,2,0.5,0,0,0,0,0,0
qtbase.mkspecs/wince50standard-sh4-msvc2005,0,0,52,2,0,2,0.5,0,0,0,0,0,0
qtbase.mkspecs/wince50standard-sh4-msvc2008,0,0,52,2,0,2,0.5,0,0,0,0,0,0
qtbase.mkspecs/wince50standard-x86-msvc2005,0,0,52,2,0,2,0.5,0,0,0,0,0,0
qtbase.mkspecs/wince50standard-x86-msvc2008,0,0,52,2,0,2,0.5,0,0,0,0,0,0
qtbase.mkspecs/wince60standard-armv4i-msvc2005,0,0,52,2,0,2,0.5,0,0,0,0,0,0
qtbase.mkspecs/wince60standard-x86-msvc2005,0,0,52,2,0,2,0.5,0,0,0,0,0,0
qtbase.mkspecs/wince70embedded-armv4i-msvc2008,0,0,52,2,0,2,0.5,0,0,0,0,0,0
qtbase.mkspecs/wince70embedded-x86-msvc2008,0,0,52,2,0,2,0.5,0,0,0,0,0,0
qtbase.mkspecs/wincewm50pocket-msvc2005,0,0,52,2,0,2,0.5,0,0,0,0,0,0
qtbase.mkspecs/wincewm50pocket-msvc2008,0,0,52,2,0,2,0.5,0,0,0,0,0,0
qtbase.mkspecs/wincewm50smart-msvc2005,0,0,52,2,0,2,0.5,0,0,0,0,0,0
qtbase.mkspecs/wincewm50smart-msvc2008,0,0,52,2,0,2,0.5,0,0,0,0,0,0
qtbase.mkspecs/wincewm60professional-msvc2005,0,0,52,2,0,2,0.5,0,0,0,0,0,0
qtbase.mkspecs/wincewm60professional-msvc2008,0,0,52,2,0,2,0.5,0,0,0,0,0,0
qtbase.mkspecs/wincewm60standard-msvc2005,0,0,52,2,0,2,0.5,0,0,0,0,0,0
qtbase.mkspecs/wincewm60standard-msvc2008,0,0,52,2,0,2,0.5,0,0,0,0,0,0
qtbase.mkspecs/wincewm65professional-msvc2005,0,0,52,2,0,2,0.5,0,0,0,0,0,0
qtbase.mkspecs/wincewm65professional-msvc2008,0,0,52,2,0,2,0.5,0,0,0,0,0,0
qtbase.qmake,1335,330,5566,14,10,4,0.425531915,1,1,7,3,6,1
qtbase.qmake/doc/src/snippets/code,0,0,58,1,0,1,1,0,0,0,0,0,0
qtbase.qmake/doc/src/snippets/qmake,0,0,376,1,0,1,1,0,0,0,0,0,0
qtbase.qmake/generators,5163,1345,2351,20,17,3,0.385964912,1,1,7,6,14,5
qtbase.qmake/generators/integrity,353,45,167,4,0,4,0.5,1,1,1,3,2,2
qtbase.qmake/generators/mac,1535,364,1225,6,3,3,0.423076923,1,1,2,4,9,4
qtbase.qmake/generators/symbian,0,0,0,0,0,0,0,0,0,0,0,0,0
qtbase.qmake/generators/unix,2028,552,855,11,7,4,0.615384615,1,1,7,4,6,0
qtbase.qmake/generators/win32,8365,1803,3133,23,19,4,0.314606742,1,1,14,8,13,12
qtbase.qmake/library,4933,1537,8715,14,11,3,0.448979592,1,1,11,4,4,4
qtbase.src/3rdparty/angle/include/EGL,107,0,806,1,0,1,1,1,1,1,1,0,0
qtbase.src/3rdparty/angle/include/GLES2,290,0,2201,2,0,2,0.5,1,1,0,2,0,0
qtbase.src/3rdparty/angle/include/GLSLANG,134,0,457,2,0,2,0.5,1,1,1,2,0,0
qtbase.src/3rdparty/angle/include/KHR,20,0,279,3,0,3,0.333333333,1,1,1,1,0,1
qtbase.src/3rdparty/angle/src/common,150,42,438,2,0,2,0.5,1,1,1,2,0,0
qtbase.src/3rdparty/angle/src/compiler,12353,3613,18712,2,0,2,0.5,1,1,0,2,0,0
qtbase.src/3rdparty/angle/src/compiler/depgraph,583,156,881,1,0,1,1,1,1,0,1,0,0
qtbase.src/3rdparty/angle/src/compiler/preprocessor,1831,310,11419,2,0,2,0.5,1,1,0,1,0,0
qtbase.src/3rdparty/angle/src/compiler/preprocessor/new,0,0,5064,2,0,2,0.5,0,0,0,0,0,0
qtbase.src/3rdparty/angle/src/compiler/timing,132,20,217,1,0,1,1,1,1,1,1,0,0
qtbase.src/3rdparty/angle/src/libEGL,2315,552,6369,6,0,6,0.25,1,1,0,2,0,1
qtbase.src/3rdparty/angle/src/libGLESv2,18696,3393,43994,5,0,5,0.2,1,1,1,2,0,1
qtbase.src/3rdparty/angle/src/libGLESv2/renderer,16440,3607,21757,1,0,1,1,1,1,0,2,0,0
qtbase.src/3rdparty/angle/src/third_party/compiler,75,18,168,1,0,1,1,1,1,0,1,0,0
qtbase.src/3rdparty/angle/src/third_party/murmurhash,191,45,371,1,0,1,1,1,1,0,1,0,0
qtbase.src/3rdparty/atspi2/atspi,281,0,1241,1,0,1,1,1,1,0,0,0,0
qtbase.src/3rdparty/ce-compat,0,0,702,1,0,1,1,0,0,0,0,0,0
qtbase.src/3rdparty/des,236,10,0,0,0,0,0,0,0,0,0,0,0
qtbase.src/3rdparty/easing,304,88,0,0,0,0,0,0,0,0,0,0,0
qtbase.src/3rdparty/freetype/builds/amiga/src/base,233,32,0,0,0,0,0,0,0,0,0,0,0
qtbase.src/3rdparty/freetype/builds/mac,574,85,0,0,0,0,0,0,0,0,0,0,0
qtbase.src/3rdparty/freetype/builds/unix,154,19,16,1,0,1,1,1,1,1,1,0,0
qtbase.src/3rdparty/freetype/builds/vms,110,12,0,0,0,0,0,0,0,0,0,0,0
qtbase.src/3rdparty/freetype/devel,2,0,50,1,0,1,1,1,1,0,1,0,0
qtbase.src/3rdparty/freetype/include/freetype,1961,7,239,1,0,1,1,1,1,0,1,0,0
qtbase.src/3rdparty/freetype/include/freetype/config,44,1,74,1,0,1,1,1,1,0,1,0,0
qtbase.src/3rdparty/freetype/include/freetype/internal,1606,1,1316,1,0,1,1,1,1,1,1,0,0
qtbase.src/3rdparty/freetype/include/freetype/internal/services,287,18,241,1,0,1,1,1,1,0,1,0,0
qtbase.src/3rdparty/freetype/src/autofit,4709,772,735,1,0,1,1,1,1,1,1,0,0
qtbase.src/3rdparty/freetype/src/base,8999,1576,986,1,0,1,1,1,1,1,1,0,0
qtbase.src/3rdparty/freetype/src/bdf,2387,373,156,1,0,1,1,1,1,1,1,0,0
qtbase.src/3rdparty/freetype/src/cache,2084,312,277,1,0,1,1,1,1,0,1,0,0
qtbase.src/3rdparty/freetype/src/cff,4947,765,936,1,0,1,1,1,1,0,1,0,0
qtbase.src/3rdparty/freetype/src/cid,1263,169,97,1,0,1,1,1,1,0,1,0,0
qtbase.src/3rdparty/freetype/src/gxvalid,5252,947,194,1,0,1,1,1,1,0,1,0,0
qtbase.src/3rdparty/freetype/src/gzip,1389,254,66,2,0,2,0.666666667,1,1,0,1,0,0
qtbase.src/3rdparty/freetype/src/lzw,311,45,29,1,0,1,1,1,1,0,1,0,0
qtbase.src/3rdparty/freetype/src/otvalid,2483,463,79,1,0,1,1,1,1,1,1,0,0
qtbase.src/3rdparty/freetype/src/pcf,1440,224,153,1,0,1,1,1,1,1,1,0,0
qtbase.src/3rdparty/freetype/src/pfr,2554,456,64,1,0,1,1,1,1,0,1,0,0
qtbase.src/3rdparty/freetype/src/psaux,3331,549,464,1,0,1,1,1,1,0,1,0,0
qtbase.src/3rdparty/freetype/src/pshinter,2776,431,255,1,0,1,1,1,1,0,1,0,0
qtbase.src/3rdparty/freetype/src/psnames,530,0,207,1,0,1,1,1,1,0,1,0,0
qtbase.src/3rdparty/freetype/src/raster,1844,294,793,1,0,1,1,1,1,0,1,0,0
qtbase.src/3rdparty/freetype/src/sfnt,2966,504,1228,1,0,1,1,1,1,0,1,0,0
qtbase.src/3rdparty/freetype/src/smooth,1276,188,358,1,0,1,1,1,1,0,1,0,0
qtbase.src/3rdparty/freetype/src/tools,6188,113,120,1,0,1,1,1,1,0,1,0,0
qtbase.src/3rdparty/freetype/src/tools/docmaker,2063,0,2,1,0,1,1,1,1,1,1,0,0
qtbase.src/3rdparty/freetype/src/tools/ftrandom,481,87,0,0,0,0,0,0,0,0,0,0,0
qtbase.src/3rdparty/freetype/src/truetype,1758,213,791,1,0,1,1,1,1,2,1,0,0
qtbase.src/3rdparty/freetype/src/type1,2910,427,228,1,0,1,1,1,1,0,1,0,0
qtbase.src/3rdparty/freetype/src/type42,1380,192,52,1,0,1,1,1,1,1,1,0,0
qtbase.src/3rdparty/freetype/src/winfonts,872,104,14,1,0,1,1,1,1,1,1,0,0
qtbase.src/3rdparty/harfbuzz/src,15938,3255,216,6,0,6,0.428571429,1,1,4,0,0,10
qtbase.src/3rdparty/harfbuzz/tests/fuzzing,78,10,0,0,0,0,0,0,0,0,0,0,0
qtbase.src/3rdparty/harfbuzz/tests/linebreaking,0,0,0,0,0,0,0,0,0,0,0,0,0
qtbase.src/3rdparty/harfbuzz/tests/shaping,1058,104,8,1,0,1,1,1,1,1,0,0,0
qtbase.src/3rdparty/iaccessible2/generated/amd64,913,14,0,0,0,0,0,0,0,0,0,0,0
qtbase.src/3rdparty/iaccessible2/generated/x86,9115,42,0,0,0,0,0,0,0,0,0,0,0
qtbase.src/3rdparty/libgq/gconf,0,0,0,0,0,0,0,0,0,0,0,0,0
qtbase.src/3rdparty/libjpeg,10714,1864,0,0,0,0,0,0,0,0,0,0,0
qtbase.src/3rdparty/libmng,0,0,0,0,0,0,0,0,0,0,0,0,0
qtbase.src/3rdparty/libpng,16177,4260,0,0,0,0,0,0,0,0,0,0,0
qtbase.src/3rdparty/libtiff/libtiff,0,0,0,0,0,0,0,0,0,0,0,0,0
qtbase.src/3rdparty/libtiff/port,0,0,0,0,0,0,0,0,0,0,0,0,0
qtbase.src/3rdparty/md4,164,10,0,0,0,0,0,0,0,0,0,0,0
qtbase.src/3rdparty/md5,164,11,0,0,0,0,0,0,0,0,0,0,0
qtbase.src/3rdparty/pcre,11237,3748,15721,2,0,2,0.5,1,1,0,1,0,0
qtbase.src/3rdparty/pcre/sljit,10281,3531,10310,2,0,2,0.666666667,1,1,2,1,0,1
qtbase.src/3rdparty/pixman,2368,3,0,0,0,0,0,0,0,0,0,0,0
qtbase.src/3rdparty/powervr,0,0,0,0,0,0,0,0,0,0,0,0,0
qtbase.src/3rdparty/ptmalloc,0,0,0,0,0,0,0,0,0,0,0,0,0
qtbase.src/3rdparty/ptmalloc/sysdeps/generic,0,0,0,0,0,0,0,0,0,0,0,0,0
qtbase.src/3rdparty/ptmalloc/sysdeps/pthread,0,0,0,0,0,0,0,0,0,0,0,0,0
qtbase.src/3rdparty/ptmalloc/sysdeps/solaris,0,0,0,0,0,0,0,0,0,0,0,0,0
qtbase.src/3rdparty/ptmalloc/sysdeps/sproc,0,0,0,0,0,0,0,0,0,0,0,0,0
qtbase.src/3rdparty/rfc6234,600,77,0,0,0,0,0,0,0,0,0,0,0
qtbase.src/3rdparty/s60,0,0,0,0,0,0,0,0,0,0,0,0,0
qtbase.src/3rdparty/sha1,151,17,50,2,0,2,0.5,1,1,0,1,0,0
qtbase.src/3rdparty/sha3,496,129,1921,2,0,2,0.5,1,1,1,1,1,1
qtbase.src/3rdparty/sqlite,55714,13031,65225,2,0,2,0.6,1,1,1,2,0,2
qtbase.src/3rdparty/wintab,119,0,0,0,0,0,0,0,0,0,0,0,0
qtbase.src/3rdparty/xcb/include/xcb,9802,24,33239,2,0,2,0.5,1,1,0,2,0,0
qtbase.src/3rdparty/xcb/libxcb,21802,1829,37387,2,0,2,0.5,1,1,0,2,0,0
qtbase.src/3rdparty/xcb/sysinclude,0,0,4,1,0,1,1,0,0,0,0,0,0
qtbase.src/3rdparty/xcb/xcb-util,537,63,707,1,0,1,1,1,1,0,1,0,0
qtbase.src/3rdparty/xcb/xcb-util-image,836,177,1011,1,0,1,1,1,1,0,1,0,0
qtbase.src/3rdparty/xcb/xcb-util-keysyms,321,83,498,1,0,1,1,1,1,0,1,0,0
qtbase.src/3rdparty/xcb/xcb-util-renderutil,219,36,251,1,0,1,1,1,1,0,1,0,0
qtbase.src/3rdparty/xcb/xcb-util-wm,672,102,845,1,0,1,1,1,1,0,1,0,0
qtbase.src/3rdparty/xkbcommon/src,8525,665,10648,1,0,1,1,1,1,0,1,0,0
qtbase.src/3rdparty/xkbcommon/src/xkbcomp,10072,2771,17018,1,0,1,1,1,1,0,1,0,0
qtbase.src/3rdparty/xkbcommon/xkbcommon,272,10,4742,1,0,1,1,1,1,0,1,0,0
qtbase.src/3rdparty/xorg,0,0,0,0,0,0,0,0,0,0,0,0,0
qtbase.src/3rdparty/zlib,5907,1516,8,2,0,2,0.5,1,1,0,0,0,1
qtbase.src/android/jar/src/org/qtproject/qt5/android,1574,274,2346,3,0,3,0.666666667,1,1,0,3,1,1
qtbase.src/android/java/src/org/kde/necessitas/ministro,105,0,119,2,0,2,0.5,1,1,1,1,0,0
qtbase.src/android/java/src/org/qtproject/qt5/android/bindings,1230,272,1653,3,0,3,0.571428571,1,1,1,3,0,1
qtbase.src/concurrent,3128,464,5873,11,8,3,0.4,1,1,2,3,1,2
qtbase.src/concurrent/doc/snippets/code,143,7,332,3,0,3,0.666666667,1,1,0,1,0,0
qtbase.src/corelib/animation,2338,484,1108,12,0,12,0.142857143,1,1,1,7,0,1
qtbase.src/corelib/arch,1726,396,2328,8,0,8,0.384615385,1,1,2,4,1,1
